drug_name,match_type,smiles,inchikey
Gefitinib,exact,COC1=C(C=C2C(=C1)N=CN=C2NC3=CC(=C(C=C3)F)Cl)OCCCN4CCOCC4,XGALLCVXEZPNRQ-UHFFFAOYSA-N
Vorinostat,exact,C1=CC=C(C=C1)NC(=O)CCCCCCC(=O)NO,WAEXFXRVDQXREF-UHFFFAOYSA-N
Nilotinib,exact,CC1=C(C=C(C=C1)C(=O)NC2=CC(=CC(=C2)C(F)(F)F)N3C=C(N=C3)C)NC4=NC=CC(=N4)C5=CN=CC=C5,HHZIURLSWUIHRB-UHFFFAOYSA-N
Olaparib,exact,C1CC1C(=O)N2CCN(CC2)C(=O)C3=C(C=CC(=C3)CC4=NNC(=O)C5=CC=CC=C54)F,FDLYAMZZIXQODN-UHFFFAOYSA-N
Bosutinib,exact,CN1CCN(CC1)CCCOC2=C(C=C3C(=C2)N=CC(=C3NC4=CC(=C(C=C4Cl)Cl)OC)C#N)OC,UBPYILGKFZZVDX-UHFFFAOYSA-N
Lenalidomide,exact,C1CC(=O)NC(=O)C1N2CC3=C(C2=O)C=CC=C3N,GOTYRUGSSMKFNF-UHFFFAOYSA-N
SB216763,exact,CN1C=C(C2=CC=CC=C21)C3=C(C(=O)NC3=O)C4=C(C=C(C=C4)Cl)Cl,JCSGFHVFHSKIJH-UHFFFAOYSA-N
Motesanib,exact,CC1(CNC2=C1C=CC(=C2)NC(=O)C3=C(N=CC=C3)NCC4=CC=NC=C4)C,RAHBGWKEPAQNFF-UHFFFAOYSA-N
KU-55933,exact,C1COCCN1C2=CC(=O)C=C(O2)C3=C4C(=CC=C3)SC5=CC=CC=C5S4,XRKYMMUGXMWDAO-UHFFFAOYSA-N
Elesclomol,exact,CN(C(=S)C1=CC=CC=C1)NC(=O)CC(=O)NN(C)C(=S)C2=CC=CC=C2,BKJIXTWSNXCKJH-UHFFFAOYSA-N
Vismodegib,exact,CS(=O)(=O)C1=CC(=C(C=C1)C(=O)NC2=CC(=C(C=C2)Cl)C3=CC=CC=N3)Cl,BPQMGSKTAYIVFO-UHFFFAOYSA-N
PLX-4720,exact,CCCS(=O)(=O)NC1=C(C(=C(C=C1)F)C(=O)C2=CNC3=C2C=C(C=N3)Cl)F,YZDJQTHVDDOVHR-UHFFFAOYSA-N
BX795,exact,C1CCN(C1)C(=O)NC2=CC=CC(=C2)NC3=NC=C(C(=N3)NCCCNC(=O)C4=CC=CS4)I,VAVXGGRQQJZYBL-UHFFFAOYSA-N
NU7441,exact,C1COCCN1C2=CC(=O)C3=C(O2)C(=CC=C3)C4=CC=CC5=C4SC6=CC=CC=C56,JAMULYFATHSZJM-UHFFFAOYSA-N
JNK Inhibitor VIII,exact,CCOC1=C(C(=CC(=N1)NC(=O)CC2=C(C=CC(=C2)OC)OC)N)C#N,KQMPRSZTUSSXND-UHFFFAOYSA-N
PD173074,exact,CCN(CC)CCCCNC1=NC2=NC(=C(C=C2C=N1)C3=CC(=CC(=C3)OC)OC)NC(=O)NC(C)(C)C,DXCUKNQANPLTEJ-UHFFFAOYSA-N
ZM447439,exact,COC1=C(C=C2C(=C1)C(=NC=N2)NC3=CC=C(C=C3)NC(=O)C4=CC=CC=C4)OCCCN5CCOCC5,OGNYUTNQZVRGMN-UHFFFAOYSA-N
RO-3306,exact,C1=CC2=C(C=CC(=C2)C=C3C(=O)NC(=NCC4=CC=CS4)S3)N=C1,XOLMRFUGOINFDQ-UHFFFAOYSA-N
MK-2206,exact,C1CC(C1)(C2=CC=C(C=C2)C3=C(C=C4C(=N3)C=CN5C4=NNC5=O)C6=CC=CC=C6)N,ULDXWLCXEDXJGE-UHFFFAOYSA-N
Palbociclib,exact,CC1=C(C(=O)N(C2=NC(=NC=C12)NC3=NC=C(C=C3)N4CCNCC4)C5CCCC5)C(=O)C,AHJRHEGDXFFMBM-UHFFFAOYSA-N
Pictilisib,exact,CS(=O)(=O)N1CCN(CC1)CC2=CC3=C(S2)C(=NC(=N3)C4=C5C=NNC5=CC=C4)N6CCOCC6,LHNIIDJUOCFXAP-UHFFFAOYSA-N
SB590885,exact,CN(C)CCOC1=CC=C(C=C1)C2=NC(=C(N2)C3=CC=NC=C3)C4=CC5=C(C=C4)C(=NO)CC5,MLSAQOINCGAULQ-UHFFFAOYSA-N
Selumetinib,exact,CN1C=NC2=C1C=C(C(=C2F)NC3=C(C=C(C=C3)Br)Cl)C(=O)NOCCO,CYOHGALHFOKKQC-UHFFFAOYSA-N
5-Fluorouracil,exact,C1=C(C(=O)NC(=O)N1)F,GHASVSINZRGABV-UHFFFAOYSA-N
Dasatinib,exact,CC1=C(C(=CC=C1)Cl)NC(=O)C2=CN=C(S2)NC3=CC(=NC(=N3)C)N4CCN(CC4)CCO,ZBNZXTGUTAYRHI-UHFFFAOYSA-N
Sorafenib,exact,CNC(=O)C1=NC=CC(=C1)OC2=CC=C(C=C2)NC(=O)NC3=CC(=C(C=C3)Cl)C(F)(F)F,MLDQJTXFUGDVEO-UHFFFAOYSA-N
GSK1904529A,exact,CCC1=CC(=C(C=C1N2CCC(CC2)N3CCN(CC3)S(=O)(=O)C)OC)NC4=NC=CC(=N4)C5=C(N=C6N5C=CC=C6)C7=CC(=C(C=C7)OC)C(=O)NC8=C(C=CC=C8F)F,MOSKATHMXWSZTQ-UHFFFAOYSA-N
Tozasertib,exact,CC1=CC(=NN1)NC2=CC(=NC(=N2)SC3=CC=C(C=C3)NC(=O)C4CC4)N5CCN(CC5)C,GCIKSSRWRFVXBI-UHFFFAOYSA-N
PF-4708671,exact,CCC1=CN=CN=C1N2CCN(CC2)CC3=NC4=C(N3)C=C(C=C4)C(F)(F)F,FBLPQCAQRNSVHB-UHFFFAOYSA-N
PRIMA-1MET,exact,COCC1(C(=O)C2CCN1CC2)CO,BGBNULCRKBVAKL-UHFFFAOYSA-N
Serdemetan,exact,C1=CC=C2C(=C1)C(=CN2)CCNC3=CC=C(C=C3)NC4=CC=NC=C4,CEGSUKYESLWKJP-UHFFFAOYSA-N
TW 37,exact,CC(C)C1=CC=CC=C1CC2=CC(=C(C(=C2O)O)O)C(=O)NC3=CC=C(C=C3)S(=O)(=O)C4=CC=CC=C4C(C)(C)C,PQAPVTKIEGUPRN-UHFFFAOYSA-N
Erlotinib,exact,COCCOC1=C(C=C2C(=C1)C(=NC=N2)NC3=CC=CC(=C3)C#C)OCCOC,AAKJLRGGTJKAMG-UHFFFAOYSA-N
Rucaparib,exact,CNCC1=CC=C(C=C1)C2=C3CCNC(=O)C4=C3C(=CC(=C4)F)N2,HMABYWSNWIZPAG-UHFFFAOYSA-N
MK-1775,exact,CC(C)(C1=NC(=CC=C1)N2C3=NC(=NC=C3C(=O)N2CC=C)NC4=CC=C(C=C4)N5CCN(CC5)C)O,BKWJAKQVGHWELA-UHFFFAOYSA-N
GSK269962A,exact,CCN1C2=CC(=NC=C2N=C1C3=NON=C3N)OC4=CC=CC(=C4)NC(=O)C5=CC=C(C=C5)OCCN6CCOCC6,YOVNFNXUCOWYSG-UHFFFAOYSA-N
SB505124,exact,CC1=NC(=CC=C1)C2=C(N=C(N2)C(C)(C)C)C3=CC4=C(C=C3)OCO4,WGZOTBUYUFBEPZ-UHFFFAOYSA-N
YK-4-279,exact,COC1=CC=C(C=C1)C(=O)CC2(C3=C(C=CC(=C3NC2=O)Cl)Cl)O,HLXSCTYHLQHQDJ-UHFFFAOYSA-N
XAV939,exact,C1CSCC2=C1N=C(NC2=O)C3=CC=C(C=C3)C(F)(F)F,KLGQSVMIPOVQAX-UHFFFAOYSA-N
Trametinib,exact,CC1=C2C(=C(N(C1=O)C)NC3=C(C=C(C=C3)I)F)C(=O)N(C(=O)N2C4=CC=CC(=C4)NC(=O)C)C5CC5,LIRYPHYGHXZJBZ-UHFFFAOYSA-N
Dabrafenib,exact,CC(C)(C)C1=NC(=C(S1)C2=NC(=NC=C2)N)C3=C(C(=CC=C3)NS(=O)(=O)C4=C(C=CC=C4F)F)F,BFSMGDJOXZAERB-UHFFFAOYSA-N
Temozolomide,exact,CN1C(=O)N2C=NC(=C2N=N1)C(=O)N,BPEGJWRSRHCHSN-UHFFFAOYSA-N
AZD5438,exact,CC1=NC=C(N1C(C)C)C2=NC(=NC=C2)NC3=CC=C(C=C3)S(=O)(=O)C,WJRRGYBTGDJBFX-UHFFFAOYSA-N
AZD1332,exact,CC(C)OC1=NNC(=C1)NC2=NC(=NC=C2Cl)NC(C)C3=NC=C(C=C3)F,LBVKEEFIPBQIMD-UHFFFAOYSA-N
Bicalutamide,exact,CC(CS(=O)(=O)C1=CC=C(C=C1)F)(C(=O)NC2=CC(=C(C=C2)C#N)C(F)(F)F)O,LKJPYSCBVHEWIU-UHFFFAOYSA-N
Linsitinib,exact,CC1(CC(C1)C2=NC(=C3N2C=CN=C3N)C4=CC5=C(C=C4)C=CC(=N5)C6=CC=CC=C6)O,PKCDDUHJAFVJJB-UHFFFAOYSA-N
Cyclophosphamide,exact,C1CNP(=O)(OC1)N(CCCl)CCCl,CMSMOCZEIVJLDB-UHFFFAOYSA-N
Sapitinib,exact,CNC(=O)CN1CCC(CC1)OC2=C(C=C3C(=C2)C(=NC=N3)NC4=C(C(=CC=C4)Cl)F)OC,DFJSJLGUIXFDJP-UHFFFAOYSA-N
Lapatinib,exact,CS(=O)(=O)CCNCC1=CC=C(O1)C2=CC3=C(C=C2)N=CN=C3NC4=CC(=C(C=C4)OCC5=CC(=CC=C5)F)Cl,BCFGMOOMADDAQU-UHFFFAOYSA-N
Luminespib,exact,CCNC(=O)C1=NOC(=C1C2=CC=C(C=C2)CN3CCOCC3)C4=CC(=C(C=C4O)O)C(C)C,NDAZATDQFDPQBD-UHFFFAOYSA-N
Taselisib,exact,CC1=NN(C(=N1)C2=CN3CCOC4=C(C3=N2)C=CC(=C4)C5=CN(N=C5)C(C)(C)C(=O)N)C(C)C,BEUQXVWXFDOSAQ-UHFFFAOYSA-N
IWP-2,exact,CC1=CC2=C(C=C1)N=C(S2)NC(=O)CSC3=NC4=C(C(=O)N3C5=CC=CC=C5)SCC4,WRKPZSMRWPJJDH-UHFFFAOYSA-N
Leflunomide,exact,CC1=C(C=NO1)C(=O)NC2=CC=C(C=C2)C(F)(F)F,VHOGYURTWQBHIL-UHFFFAOYSA-N
GSK2801,exact,CCCOC1=CC2=C(C=C(N2C=C1)C(=O)C)C3=CC=CC=C3S(=O)(=O)C,KHWCPNJRJCNVRI-UHFFFAOYSA-N
Entinostat,exact,C1=CC=C(C(=C1)N)NC(=O)C2=CC=C(C=C2)CNC(=O)OCC3=CN=CC=C3,INVTYAOGFAGBOE-UHFFFAOYSA-N
OSI-027,exact,COC1=CC=CC2=C1NC(=C2)C3=C4C(=NC=NN4C(=N3)C5CCC(CC5)C(=O)O)N,JROFGZPOBKIAEW-UHFFFAOYSA-N
LGK974,exact,CC1=CC(=CN=C1C2=CC(=NC=C2)C)CC(=O)NC3=NC=C(C=C3)C4=NC=CN=C4,XXYGTCZJJLTAGH-UHFFFAOYSA-N
VE-822,exact,CC(C)S(=O)(=O)C1=CC=C(C=C1)C2=CN=C(C(=N2)C3=CC(=NO3)C4=CC=C(C=C4)CNC)N,JZCWLJDSIRUGIN-UHFFFAOYSA-N
WZ4003,exact,CCC(=O)NC1=CC(=CC=C1)OC2=NC(=NC=C2Cl)NC3=C(C=C(C=C3)N4CCN(CC4)C)OC,SDGJBAUIGHSMRI-UHFFFAOYSA-N
CZC24832,exact,CC(C)(C)NS(=O)(=O)C1=CN=CC(=C1)C2=CN3C(=NC(=N3)N)C(=C2)F,RXRZPHQBTHQXSV-UHFFFAOYSA-N
GSK2606414,exact,CN1C=C(C2=C(N=CN=C21)N)C3=CC4=C(C=C3)N(CC4)C(=O)CC5=CC(=CC=C5)C(F)(F)F,SIXVRXARNAVBTC-UHFFFAOYSA-N
PCI-34051,exact,COC1=CC=C(C=C1)CN2C=CC3=C2C=C(C=C3)C(=O)NO,AJRGHIGYPXNABY-UHFFFAOYSA-N
Wnt-C59,exact,CC1=NC=CC(=C1)C2=CC=C(C=C2)CC(=O)NC3=CC=C(C=C3)C4=CN=CC=C4,KHZOJCQBHJUJFY-UHFFFAOYSA-N
RVX-208,exact,CC1=CC(=CC(=C1OCCO)C)C2=NC3=C(C(=CC(=C3)OC)OC)C(=O)N2,NETXMUIMUZJUTB-UHFFFAOYSA-N
GSK343,exact,CCCC1=C(C(=O)NC(=C1)C)CNC(=O)C2=C3C=NN(C3=CC(=C2)C4=CC(=NC=C4)N5CCN(CC5)C)C(C)C,ULNXAWLQFZMIHX-UHFFFAOYSA-N
ML323,exact,CC1=CN=C(N=C1NCC2=CC=C(C=C2)N3C=CN=N3)C4=CC=CC=C4C(C)C,VUIRVWPJNKZOSS-UHFFFAOYSA-N
Entospletinib,exact,C1COCCN1C2=CC=C(C=C2)NC3=NC(=CN4C3=NC=C4)C5=CC6=C(C=C5)C=NN6,XSMSNFMDVXXHGJ-UHFFFAOYSA-N
Ribociclib,exact,CN(C)C(=O)C1=CC2=CN=C(N=C2N1C3CCCC3)NC4=NC=C(C=C4)N5CCNCC5,RHXHGRAEPCAFML-UHFFFAOYSA-N
AGI-6780,exact,C1CC1NS(=O)(=O)C2=CC(=C(C=C2)C3=CSC=C3)NC(=O)NC4=CC=CC(=C4)C(F)(F)F,CCAWRGNYALGPQH-UHFFFAOYSA-N
Acetalax,exact,CC(=O)OC1=CC=C(C=C1)C2(C3=CC=CC=C3NC2=O)C4=CC=C(C=C4)OC(=O)C,PHPUXYRXPHEJDF-UHFFFAOYSA-N
BEN,exact,C1=CC=C(C=C1)C(=N)N,PXXJHWLDUBFPOL-UHFFFAOYSA-N
LY2109761,exact,C1CC2=C(C(=NN2C1)C3=CC=CC=N3)C4=C5C=CC(=CC5=NC=C4)OCCN6CCOCC6,IHLVSLOZUHKNMQ-UHFFFAOYSA-N
OF-1,exact,CC1=C(C=CC(=C1)Br)S(=O)(=O)NC2=CC3=C(C=C2OC)N(C(=O)N3C)C,YUNQZQREIHWDQT-UHFFFAOYSA-N
MN-64,exact,CC(C)C1=CC=C(C=C1)C2=CC(=O)C3=CC=CC=C3O2,PYTOHIUBXSJKQH-UHFFFAOYSA-N
Buparlisib,exact,C1COCCN1C2=NC(=NC(=C2)C3=CN=C(C=C3C(F)(F)F)N)N4CCOCC4,CWHUFRVAEUJCEF-UHFFFAOYSA-N
Venetoclax,exact,CC1(CCC(=C(C1)C2=CC=C(C=C2)Cl)CN3CCN(CC3)C4=CC(=C(C=C4)C(=O)NS(=O)(=O)C5=CC(=C(C=C5)NCC6CCOCC6)[N+](=O)[O-])OC7=CN=C8C(=C7)C=CN8)C,LQBVNQSMGBZMKD-UHFFFAOYSA-N
AGI-5198,exact,CC1=CC=CC=C1C(C(=O)NC2CCCCC2)N(C3=CC(=CC=C3)F)C(=O)CN4C=CN=C4C,FNYGWXSATBUBER-UHFFFAOYSA-N
Osimertinib,exact,CN1C=C(C2=CC=CC=C21)C3=NC(=NC=C3)NC4=C(C=C(C(=C4)NC(=O)C=C)N(C)CCN(C)C)OC,DUYJMQONPNNFPI-UHFFFAOYSA-N
Cediranib,exact,CC1=CC2=C(N1)C=CC(=C2F)OC3=NC=NC4=CC(=C(C=C43)OC)OCCCN5CCCC5,XXJWYDDUDKYVKI-UHFFFAOYSA-N
GNE-317,exact,CC1=C(SC2=C1N=C(N=C2N3CCOCC3)C4=CN=C(N=C4)N)C5(COC5)OC,XOZLHJMDLKDZAL-UHFFFAOYSA-N
GSK2578215A,exact,C1=CC=C(C=C1)COC2=C(C=C(C=C2)C3=CC(=NC=C3)F)C(=O)NC4=CN=CC=C4,WCIGMFCFPXZRMQ-UHFFFAOYSA-N
I-BRD9,exact,CCN1C=C(C2=C(C1=O)C=C(S2)C(=NC3CCS(=O)(=O)CC3)N)C4=CC(=CC=C4)C(F)(F)F,WRUWGLUCNBMGPS-UHFFFAOYSA-N
NVP-ADW742,exact,C1CCN(C1)CC2CC(C2)N3C=C(C4=C(N=CN=C43)N)C5=CC(=CC=C5)OCC6=CC=CC=C6,LSFLAQVDISHMNB-UHFFFAOYSA-N
P22077,exact,CC(=O)C1=CC(=C(S1)SC2=C(C=C(C=C2)F)F)[N+](=O)[O-],RMAMGGNACJHXHO-UHFFFAOYSA-N
UMI-77,exact,C1=CC=C2C(=C1)C(=CC(=C2O)SCC(=O)O)NS(=O)(=O)C3=CC=C(C=C3)Br,WUGANDSUVKXMEC-UHFFFAOYSA-N
WIKI4,exact,COC1=CC=C(C=C1)N2C(=NN=C2SCCCN3C(=O)C4=CC=CC5=C4C(=CC=C5)C3=O)C6=CC=NC=C6,RNUXIZKXJOGYQP-UHFFFAOYSA-N
UNC0638,exact,CC(C)N1CCC(CC1)NC2=NC(=NC3=CC(=C(C=C32)OC)OCCCN4CCCC4)C5CCCCC5,QOECJCJVIMVJGX-UHFFFAOYSA-N
Foretinib,exact,COC1=CC2=C(C=CN=C2C=C1OCCCN3CCOCC3)OC4=C(C=C(C=C4)NC(=O)C5(CC5)C(=O)NC6=CC=C(C=C6)F)F,CXQHYVUVSFXTMY-UHFFFAOYSA-N
Pyridostatin,exact,C1=CC=C2C(=C1)C(=CC(=N2)NC(=O)C3=CC(=CC(=N3)C(=O)NC4=NC5=CC=CC=C5C(=C4)OCCN)OCCN)OCCN,VGHSATQVJCTKEF-UHFFFAOYSA-N
Remodelin,exact,C1CCC(=NNC2=NC(=CS2)C3=CC=C(C=C3)C#N)C1,XAEJIFARBQJLML-UHFFFAOYSA-N
LJI308,exact,C1COCCN1C2=CC=C(C=C2)C3=C(C=NC=C3)C4=CC(=C(C(=C4)F)O)F,YUYJEQHNWKQNBT-UHFFFAOYSA-N
VE821,exact,CS(=O)(=O)C1=CC=C(C=C1)C2=CN=C(C(=N2)C(=O)NC3=CC=CC=C3)N,DUIHHZKTCSNTGM-UHFFFAOYSA-N
A-366,exact,COC1=C(C=C2C(=C1)C3(CCC3)C(=N2)N)OCCCN4CCCC4,BKCDJTRMYWSXMC-UHFFFAOYSA-N
UNC0379,exact,COC1=C(C=C2C(=C1)C(=NC(=N2)N3CCCC3)NCCCCCN4CCCC4)OC,WEXCGGWTIDNVNT-UHFFFAOYSA-N
PFI-1,exact,CN1CC2=C(C=CC(=C2)NS(=O)(=O)C3=CC=CC=C3OC)NC1=O,TXZPMHLMPKIUGK-UHFFFAOYSA-N
IOX2,exact,C1=CC=C(C=C1)CN2C3=CC=CC=C3C(=C(C2=O)C(=O)NCC(=O)O)O,CAOSCCRYLYQBES-UHFFFAOYSA-N
CHIR-99021,exact,CC1=CN=C(N1)C2=CN=C(N=C2C3=C(C=C(C=C3)Cl)Cl)NCCNC4=NC=C(C=C4)C#N,AQGNHMOJWBZFQQ-UHFFFAOYSA-N
alpha-lipoic acid,exact,C1CSSC1CCCCC(=O)O,AGBQKNBQESQNJD-UHFFFAOYSA-N
Vinblastine,connectivity,CCC1(CC2CC(C3=C(CCN(C2)C1)C4=CC=CC=C4N3)(C5=C(C=C6C(=C5)C78CCN9C7C(C=CC9)(C(C(C8N6C)(C(=O)OC)O)OC(=O)C)CC)OC)C(=O)OC)O,JXLYSJRDGCGARV-CFWMRBGOSA-N
Cytarabine,connectivity,C1=CN(C(=O)N=C1N)C2C(C(C(O2)CO)O)O,UHDGCWIWMRVCDJ-CCXZUQQUSA-N
Methotrexate,connectivity,CN(CC1=CN=C2C(=N1)C(=NC(=N2)N)N)C3=CC=C(C=C3)C(=O)NC(CCC(=O)O)C(=O)O,FBOZXECLQNJBKD-ZDUSSCGKSA-N
Tretinoin,connectivity,CC1=C(C(CCC1)(C)C)C=CC(=CC=CC(=CC(=O)O)C)C,SHGAZHPCJJPHSC-YCNIQYBTSA-N
Refametinib,connectivity,COC1=CC(=C(C(=C1NS(=O)(=O)C2(CC2)CC(CO)O)NC3=C(C=C(C=C3)I)F)F)F,RDSACQWTXKSHJT-NSHDSACASA-N
Veliparib,connectivity,CC1(CCCN1)C2=NC3=C(C=CC=C3N2)C(=O)N,JNAHVYVRKWKWKQ-CYBMUJFWSA-N
Axitinib,connectivity,CNC(=O)C1=CC=CC=C1SC2=CC3=C(C=C2)C(=NN3)C=CC4=CC=CC=N4,RITAVMQDGBJQJZ-FMIVXFBMSA-N
AZD7762,connectivity,C1CC(CNC1)NC(=O)C2=C(C=C(S2)C3=CC(=CC=C3)F)NC(=O)N,IAYGCINLNONXHY-LBPRGKRZSA-N
Mirin,connectivity,C1=CC(=CC=C1C=C2C(=O)N=C(S2)N)O,YBHQCJILTOVLHD-YVMONPNESA-N
AZD8055,connectivity,CC1COCCN1C2=NC(=NC3=C2C=CC(=N3)C4=CC(=C(C=C4)OC)CO)N5CCOCC5C,KVLFRAWTRWDEDF-IRXDYDNUSA-N
PD0325901,connectivity,C1=CC(=C(C=C1I)F)NC2=C(C=CC(=C2F)F)C(=O)NOCC(CO)O,SUDAHWBOROXANE-SECBINFHSA-N
CCT007093,connectivity,C1CC(=CC2=CC=CS2)C(=O)C1=CC3=CC=CS3,KPFZCKDPBMGECB-WGDLNXRISA-N
Avagacestat,connectivity,C1=CC(=CC=C1S(=O)(=O)N(CC2=C(C=C(C=C2)C3=NOC=N3)F)C(CCC(F)(F)F)C(=O)N)Cl,XEAOPVUAMONVLA-QGZVFWFLSA-N
Crizotinib,connectivity,CC(C1=C(C=CC(=C1Cl)F)Cl)OC2=C(N=CC(=C2)C3=CN(N=C3)C4CCNCC4)N,KTEIFNKAUNYNJU-GFCCVEGCSA-N
BI-2536,connectivity,CCC1C(=O)N(C2=CN=C(N=C2N1C3CCCC3)NC4=C(C=C(C=C4)C(=O)NC5CCN(CC5)C)OC)C,XQVVPGYIWAGRNI-JOCHJYFZSA-N
Irinotecan,connectivity,CCC1=C2CN3C(=CC4=C(C3=O)COC(=O)C4(CC)O)C2=NC5=C1C=C(C=C5)OC(=O)N6CCC(CC6)N7CCCCC7,UWKQSNNFCGGAFS-XIFFEERXSA-N
BMS-536924,connectivity,CC1=CC(=CC2=C1N=C(N2)C3=C(C=CNC3=O)NCC(C4=CC(=CC=C4)Cl)O)N5CCOCC5,ZWVZORIKUNOTCS-OAQYLSRUSA-N
Niraparib,connectivity,C1CC(CNC1)C2=CC=C(C=C2)N3C=C4C=CC=C(C4=N3)C(=O)N,PCHKPVIQAHNQLW-CQSZACIVSA-N
Gemcitabine,connectivity,C1=CN(C(=O)N=C1N)C2C(C(C(O2)CO)O)(F)F,SDUQYLNIPVEERB-QPPQHZFASA-N
Tamoxifen,connectivity,CCC(=C(C1=CC=CC=C1)C2=CC=C(C=C2)OCCN(C)C)C3=CC=CC=C3,NKANXQFJJICGDU-QPLCGJKRSA-N
Fulvestrant,connectivity,CC12CCC3C(C1CCC2O)C(CC4=C3C=CC(=C4)O)CCCCCCCCCS(=O)CCCC(C(F)(F)F)(F)F,VWUXBMIQPBEWFH-WCCTWKNTSA-N
EPZ004777,connectivity,CC(C)N(CCCNC(=O)NC1=CC=C(C=C1)C(C)(C)C)CC2C(C(C(O2)N3C=CC4=C(N=CN=C43)N)O)O,WXRGFPHDRFQODR-ICLZECGLSA-N
Daporinad,connectivity,C1CN(CCC1CCCCNC(=O)C=CC2=CN=CC=C2)C(=O)C3=CC=CC=C3,KPBNHDGDUADAGP-VAWYXSNFSA-N
AZ960,connectivity,CC1=CC(=NN1)NC2=C(C=C(C(=N2)NC(C)C3=CC=C(C=C3)F)C#N)F,SUNXHXDJOIXABJ-NSHDSACASA-N
AZD2014,connectivity,CC1COCCN1C2=NC(=NC3=C2C=CC(=N3)C4=CC(=CC=C4)C(=O)NC)N5CCOCC5C,JUSFANSTBFGBAF-IRXDYDNUSA-N
AZD1208,connectivity,C1CC(CN(C1)C2=C(C=CC=C2C3=CC=CC=C3)C=C4C(=O)NC(=O)S4)N,MCUJKPPARUPFJM-UWCCDQBKSA-N
SN-38,connectivity,CCC1=C2CN3C(=CC4=C(C3=O)COC(=O)C4(CC)O)C2=NC5=C1C=C(C=C5)O,FJHBVJOVLFPMQE-QFIPXVFZSA-N
Ruxolitinib,connectivity,C1CCC(C1)C(CC#N)N2C=C(C=N2)C3=C4C=CNC4=NC=N3,HFNKQEVNSGCOJV-OAHLLOKOSA-N
Pevonedistat,connectivity,C1CC2=CC=CC=C2C1NC3=C4C=CN(C4=NC=N3)C5CC(C(C5)O)COS(=O)(=O)N,MPUQHZXIXSTTDU-QXGSTGNESA-N
Uprosertib,connectivity,CN1C(=C(C=N1)Cl)C2=C(OC(=C2)C(=O)NC(CC3=CC(=C(C=C3)F)F)CN)Cl,AXTAPYRUEKNRBA-JTQLQIEISA-N
LCL161,connectivity,CC(C(=O)NC(C1CCCCC1)C(=O)N2CCCC2C3=NC(=CS3)C(=O)C4=CC=C(C=C4)F)NC,UFPFGVNKHCLJJO-SSKFGXFMSA-N
Alpelisib,connectivity,CC1=C(SC(=N1)NC(=O)N2CCCC2C(=O)N)C3=CC(=NC=C3)C(C)(C)C(F)(F)F,STUWGJZDJHPWGZ-LBPRGKRZSA-N
EPZ5676,connectivity,CC(C)N(CC1C(C(C(O1)N2C=NC3=C(N=CN=C32)N)O)O)C4CC(C4)CCC5=NC6=C(N5)C=C(C=C6)C(C)(C)C,LXFOLMYKSYSZQS-XKHGBIBOSA-N
SCH772984,connectivity,C1CN(CC1C(=O)NC2=CC3=C(C=C2)NN=C3C4=CC=NC=C4)CC(=O)N5CCN(CC5)C6=CC=C(C=C6)C7=NC=CC=N7,HDAJDNHIBCDLQF-RUZDIDTESA-N
SGC-CBP30,connectivity,CC1=C(C(=NO1)C)C2=CC3=C(C=C2)N(C(=N3)CCC4=CC(=C(C=C4)OC)Cl)CC(C)N5CCOCC5,GEPYBHCJBORHCE-SFHVURJKSA-N
GSK-LSD1,connectivity,C1CNCCC1NC2CC2C3=CC=CC=C3,BASFYRLYJAZPPL-UONOGXRCSA-N
AZD5582,connectivity,CC(C(=O)NC(C1CCCCC1)C(=O)N2CCCC2C(=O)NC3C(CC4=CC=CC=C34)OCC#CC#CCOC5CC6=CC=CC=C6C5NC(=O)C7CCCN7C(=O)C(C8CCCCC8)NC(=O)C(C)NC)NC,WLMCRYCCYXHPQF-ZVMUOSSASA-N
PFI3,connectivity,C1C2CN(C1CN2C3=CC=CC=N3)C=CC(=O)C4=CC=CC=C4O,INAICWLVUAKEPB-QSTFCLMHSA-N
I-BET-762,connectivity,CCNC(=O)CC1C2=NN=C(N2C3=C(C=C(C=C3)OC)C(=N1)C4=CC=C(C=C4)Cl)C,AAAQFGUYHFJNHI-SFHVURJKSA-N
OTX015,connectivity,CC1=C(SC2=C1C(=NC(C3=NN=C(N32)C)CC(=O)NC4=CC=C(C=C4)O)C5=CC=C(C=C5)Cl)C,GNMUEVRJHCWKTO-FQEVSTJZSA-N
PRT062607,connectivity,C1CCC(C(C1)N)NC2=NC=C(C(=N2)NC3=CC(=CC=C3)N4N=CC=N4)C(=O)N,TXGKRVFSSHPBAJ-JKSUJKDBSA-N
AZD4547,connectivity,CC1CN(CC(N1)C)C2=CC=C(C=C2)C(=O)NC3=NNC(=C3)CCC4=CC(=CC(=C4)OC)OC,VRQMAABPASPXMW-HDICACEKSA-N
Ibrutinib,connectivity,C=CC(=O)N1CCCC(C1)N2C3=NC=NC(=C3C(=N2)C4=CC=C(C=C4)OC5=CC=CC=C5)N,XYFPWWZEPKGCCK-GOSISDBHSA-N
Topotecan,connectivity,CCC1(C2=C(COC1=O)C(=O)N3CC4=CC5=C(C=CC(=C5CN(C)C)O)N=C4C3=C2)O,UCFGDBYHRUNTLO-QHCPKHFHSA-N
Teniposide,connectivity,COC1=CC(=CC(=C1O)OC)C2C3C(COC3=O)C(C4=CC5=C(C=C24)OCO5)OC6C(C(C7C(O6)COC(O7)C8=CC=CS8)O)O,NRUKOCRGYNPUPR-QBPJDGROSA-N
Bleomycin,connectivity,CC1=C(N=C(N=C1N)C(CC(=O)N)NCC(C(=O)N)N)C(=O)NC(C(C2=CN=CN2)OC3C(C(C(C(O3)CO)O)O)OC4C(C(C(C(O4)CO)O)OC(=O)N)O)C(=O)NC(C)C(C(C)C(=O)NC(C(C)O)C(=O)NCCC5=NC(=CS5)C6=NC(=CS6)C(=O)NCCC[S+](C)C)O,OYVAGSVQBOHSSS-WXFSZRTFSA-O
Fludarabine,connectivity,C1=NC2=C(N=C(N=C2N1C3C(C(C(O3)CO)O)O)F)N,HBUBKKRHXORPQB-FJFJXFQQSA-N
Nelarabine,connectivity,COC1=NC(=NC2=C1N=CN2C3C(C(C(O3)CO)O)O)N,IXOXBSCIXZEQEQ-UHTZMRCNSA-N
Dacarbazine,connectivity,CN(C)N=NC1=C(NC=N1)C(=O)N,FDKXTQMXEQVLRF-ZHACJKMWSA-N
Sabutoclax,connectivity,CC1=CC2=C(C(=C(C=C2C(=C1C3=C(C4=CC(=C(C(=C4C=C3C)C(=O)NCC(C)C5=CC=CC=C5)O)O)O)O)O)O)C(=O)NCC(C)C6=CC=CC=C6,RAYNZUHYMMLQQA-ZEQRLZLVSA-N
MG-132,connectivity,CC(C)CC(C=O)NC(=O)C(CC(C)C)NC(=O)C(CC(C)C)NC(=O)OCC1=CC=CC=C1,TZYWCYJVHRLUCT-VABKMULXSA-N
Ulixertinib,connectivity,CC(C)NC1=NC=C(C(=C1)C2=CNC(=C2)C(=O)NC(CO)C3=CC(=CC=C3)Cl)Cl,KSERXGMCDHOLSS-LJQANCHMSA-N
ABT737,connectivity,CN(C)CCC(CSC1=CC=CC=C1)NC2=C(C=C(C=C2)S(=O)(=O)NC(=O)C3=CC=C(C=C3)N4CCN(CC4)CC5=CC=CC=C5C6=CC=C(C=C6)Cl)[N+](=O)[O-],HPLNQCPCUACXLM-PGUFJCEWSA-N
Afuresertib,connectivity,CN1C(=C(C=N1)Cl)C2=C(SC(=C2)C(=O)NC(CC3=CC(=CC=C3)F)CN)Cl,AFJRDFWMXUECEW-LBPRGKRZSA-N
AZD3759,connectivity,CC1CN(CCN1C(=O)OC2=C(C=C3C(=C2)C(=NC=N3)NC4=C(C(=CC=C4)Cl)F)OC)C,MXDSJQHFFDGFDK-CYBMUJFWSA-N
AZD5363,connectivity,C1CN(CCC1(C(=O)NC(CCO)C2=CC=C(C=C2)Cl)N)C3=NC=NC4=C3C=CN4,JDUBGYFRJFOXQC-KRWDZBQOSA-N
AZD8186,connectivity,CC(C1=CC(=CC2=C1OC(=CC2=O)N3CCOCC3)C(=O)N(C)C)NC4=CC(=CC(=C4)F)F,LMJFJIDLEAWOQJ-CQSZACIVSA-N
Ipatasertib,connectivity,CC1CC(C2=C1C(=NC=N2)N3CCN(CC3)C(=O)C(CNC(C)C)C4=CC=C(C=C4)Cl)O,GRZXWCHAXNAUHY-NSISKUIASA-N
GDC0810,connectivity,CCC(=C(C1=CC=C(C=C1)C=CC(=O)O)C2=CC3=C(C=C2)NN=C3)C4=C(C=C(C=C4)F)Cl,BURHGPHDEVGCEZ-KJGLQBJMSA-N
Savolitinib,connectivity,CC(C1=CN2C=CN=C2C=C1)N3C4=NC(=CN=C4N=N3)C5=CN(N=C5)C,XYDNMOZJKOGZLS-NSHDSACASA-N
WEHI-539,connectivity,C1CC2=C(C=C(C=C2)C3=NC(=C(S3)CCCOC4=CC=C(C=C4)CN)C(=O)O)C(=NNC5=NC6=CC=CC=C6S5)C1,JKMWZKPAXZBYEH-JWHWKPFMSA-N
AGK2,connectivity,C1=CC2=C(C=CC=N2)C(=C1)NC(=O)C(=CC3=CC=C(O3)C4=C(C=CC(=C4)Cl)Cl)C#N,SVENPFFEMUOOGK-SDNWHVSQSA-N
BIBR-1532,connectivity,CC(=CC(=O)NC1=CC=CC=C1C(=O)O)C2=CC3=CC=CC=C3C=C2,PGFQXGLPJUCTOI-WYMLVPIESA-N
AMG-319,connectivity,CC(C1=C(N=C2C=C(C=CC2=C1)F)C3=CC=CC=N3)NC4=NC=NC5=C4NC=N5,KWRYMZHCQIOOEB-LBPRGKRZSA-N
Vinorelbine,connectivity,CCC1=CC2CC(C3=C(CN(C2)C1)C4=CC=CC=C4N3)(C5=C(C=C6C(=C5)C78CCN9C7C(C=CC9)(C(C(C8N6C)(C(=O)OC)O)OC(=O)C)CC)OC)C(=O)OC,GBABOYUKABKIAF-IELIFDKJSA-N
VX-11e,connectivity,CC1=CN=C(N=C1C2=CNC(=C2)C(=O)NC(CO)C3=CC(=CC=C3)Cl)NC4=C(C=C(C=C4)F)Cl,WUTVMXLIGHTZJC-OAQYLSRUSA-N
AZ6102,connectivity,CC1CN(CC(N1)C)C2=NC=C(C(=C2)C)C3=CC=C(C=C3)C4=NC5=C(C=CN5C)C(=O)N4,WCPTUQOMNJBIET-CALCHBBNSA-N
5-azacytidine,connectivity,C1=NC(=NC(=O)N1C2C(C(C(O2)CO)O)O)N,NMUSYJAQQFHJEW-KVTDHHQDSA-N
CPI-637,connectivity,CC1CC(=O)NC2=CC=CC(=C2N1)C3=CC4=C(C=C3)N(N=C4C5=CN(N=C5)C)C,BFTKDWYIRJGJCA-CYBMUJFWSA-N
AZD6482,connectivity,CC1=CN2C(=O)C=C(N=C2C(=C1)C(C)NC3=CC=CC=C3C(=O)O)N4CCOCC4,IRTDIKMSKMREGO-OAHLLOKOSA-N
AT13148,connectivity,C1=CC(=CC=C1C2=CNN=C2)C(CN)(C3=CC=C(C=C3)Cl)O,IIRWNGPLJQXWFJ-KRWDZBQOSA-N
BMS-754807,connectivity,CC1(CCCN1C2=NN3C=CC=C3C(=N2)NC4=NNC(=C4)C5CC5)C(=O)NC6=CN=C(C=C6)F,LQVXSNNAFNGRAH-QHCPKHFHSA-N
JQ1,connectivity,CC1=C(SC2=C1C(=NC(C3=NN=C(N32)C)CC(=O)OC(C)(C)C)C4=CC=C(C=C4)Cl)C,DNVXATUJJDPFDM-KRWDZBQOSA-N
SGC0946,connectivity,CC(C)N(CCCNC(=O)NC1=CC=C(C=C1)C(C)(C)C)CC2C(C(C(O2)N3C=C(C4=C(N=CN=C43)N)Br)O)O,IQCKJUKAQJINMK-HUBRGWSESA-N
GSK2830371,connectivity,CC1=C(C=C(C=N1)Cl)NCC2=CC=C(S2)C(=O)NC(CC3CCCC3)C(=O)NC4CC4,IVDUVEGCMXCMSO-FQEVSTJZSA-N
glutathione,connectivity,C(CC(=O)NC(CS)C(=O)NCC(=O)O)C(C(=O)O)N,RWSXRVCMGQZWBV-WDSKDSINSA-N
N-acetyl cysteine,connectivity,CC(=O)NC(CS)C(=O)O,PWKSKIMOESPYIA-BYPYZUCNSA-N
