drug_name,smiles,inchikey,inchikey_connectivity
Camptothecin,CCC1(C2=C(COC1=O)C(=O)N3CC4=CC5=CC=CC=C5N=C4C3=C2)O,VSJKWCGYPAHWDS-FQEVSTJZSA-N,VSJKWCGYPAHWDS
Vinblastine,CCC1(CC2CC(C3=C(CCN(C2)C1)C4=CC=CC=C4N3)(C5=C(C=C6C(=C5)C78CCN9C7C(C=CC9)(C(C(C8N6C)(C(=O)OC)O)OC(=O)C)CC)OC)C(=O)OC)O,JXLYSJRDGCGARV-CFWMRBGOSA-N,JXLYSJRDGCGARV
Cisplatin,N.N.Cl[Pt]Cl,LXZZYRPGZAFOLE-UHFFFAOYSA-L,LXZZYRPGZAFOLE
Cytarabine,C1=CN(C(=O)N=C1N)C2C(C(C(O2)CO)O)O,UHDGCWIWMRVCDJ-CCXZUQQUSA-N,UHDGCWIWMRVCDJ
Docetaxel,CC1=C2C(C(=O)C3(C(CC4C(C3C(C(C2(C)C)(CC1OC(=O)C(C(C5=CC=CC=C5)NC(=O)OC(C)(C)C)O)O)OC(=O)C6=CC=CC=C6)(CO4)OC(=O)C)O)C)O,ZDZOTLJHXYCWBA-VCVYQWHSSA-N,ZDZOTLJHXYCWBA
Methotrexate,CN(CC1=CN=C2C(=N1)C(=NC(=N2)N)N)C3=CC=C(C=C3)C(=O)NC(CCC(=O)O)C(=O)O,FBOZXECLQNJBKD-ZDUSSCGKSA-N,FBOZXECLQNJBKD
Tretinoin,CC1=C(C(CCC1)(C)C)C=CC(=CC=CC(=CC(=O)O)C)C,SHGAZHPCJJPHSC-YCNIQYBTSA-N,SHGAZHPCJJPHSC
Gefitinib,COC1=C(C=C2C(=C1)N=CN=C2NC3=CC(=C(C=C3)F)Cl)OCCCN4CCOCC4,XGALLCVXEZPNRQ-UHFFFAOYSA-N,XGALLCVXEZPNRQ
Navitoclax,CC1(CCC(=C(C1)CN2CCN(CC2)C3=CC=C(C=C3)C(=O)NS(=O)(=O)C4=CC(=C(C=C4)NC(CCN5CCOCC5)CSC6=CC=CC=C6)S(=O)(=O)C(F)(F)F)C7=CC=C(C=C7)Cl)C,JLYAXFNOILIKPP-KXQOOQHDSA-N,JLYAXFNOILIKPP
Vorinostat,C1=CC=C(C=C1)NC(=O)CCCCCCC(=O)NO,WAEXFXRVDQXREF-UHFFFAOYSA-N,WAEXFXRVDQXREF
Nilotinib,CC1=C(C=C(C=C1)C(=O)NC2=CC(=CC(=C2)C(F)(F)F)N3C=C(N=C3)C)NC4=NC=CC(=N4)C5=CN=CC=C5,HHZIURLSWUIHRB-UHFFFAOYSA-N,HHZIURLSWUIHRB
Refametinib,COC1=CC(=C(C(=C1NS(=O)(=O)C2(CC2)CC(CO)O)NC3=C(C=C(C=C3)I)F)F)F,RDSACQWTXKSHJT-NSHDSACASA-N,RDSACQWTXKSHJT
Temsirolimus,CC1CCC2CC(C(=CC=CC=CC(CC(C(=O)C(C(C(=CC(C(=O)CC(OC(=O)C3CCCCN3C(=O)C(=O)C1(O2)O)C(C)CC4CCC(C(C4)OC)OC(=O)C(C)(CO)CO)C)C)O)OC)C)C)C)OC,CBPNZQVSJQDFBE-FUXHJELOSA-N,CBPNZQVSJQDFBE
Olaparib,C1CC1C(=O)N2CCN(CC2)C(=O)C3=C(C=CC(=C3)CC4=NNC(=O)C5=CC=CC=C54)F,FDLYAMZZIXQODN-UHFFFAOYSA-N,FDLYAMZZIXQODN
Veliparib,CC1(CCCN1)C2=NC3=C(C=CC=C3N2)C(=O)N,JNAHVYVRKWKWKQ-CYBMUJFWSA-N,JNAHVYVRKWKWKQ
Bosutinib,CN1CCN(CC1)CCCOC2=C(C=C3C(=C2)N=CC(=C3NC4=CC(=C(C=C4Cl)Cl)OC)C#N)OC,UBPYILGKFZZVDX-UHFFFAOYSA-N,UBPYILGKFZZVDX
Lenalidomide,C1CC(=O)NC(=O)C1N2CC3=C(C2=O)C=CC=C3N,GOTYRUGSSMKFNF-UHFFFAOYSA-N,GOTYRUGSSMKFNF
Axitinib,CNC(=O)C1=CC=CC=C1SC2=CC3=C(C=C2)C(=NN3)C=CC4=CC=CC=N4,RITAVMQDGBJQJZ-FMIVXFBMSA-N,RITAVMQDGBJQJZ
AZD7762,C1CC(CNC1)NC(=O)C2=C(C=C(S2)C3=CC(=CC=C3)F)NC(=O)N,IAYGCINLNONXHY-LBPRGKRZSA-N,IAYGCINLNONXHY
GW441756,CN1C=C(C2=CC=CC=C21)C=C3C4=C(C=CC=N4)NC3=O.Cl,GXUJPQDCLCDKLU-CHHCPSLASA-N,GXUJPQDCLCDKLU
Lestaurtinib,CC12C(CC(O1)N3C4=CC=CC=C4C5=C6C(=C7C8=CC=CC=C8N2C7=C53)CNC6=O)(CO)O,UIARLYUEJFELEN-LROUJFHJSA-N,UIARLYUEJFELEN
SB216763,CN1C=C(C2=CC=CC=C21)C3=C(C(=O)NC3=O)C4=C(C=C(C=C4)Cl)Cl,JCSGFHVFHSKIJH-UHFFFAOYSA-N,JCSGFHVFHSKIJH
Tanespimycin,CC1CC(C(C(C=C(C(C(C=CC=C(C(=O)NC2=CC(=O)C(=C(C1)C2=O)NCC=C)C)OC)OC(=O)N)C)C)O)OC,AYUNIORJHRXIBJ-TXHRRWQRSA-N,AYUNIORJHRXIBJ
Motesanib,CC1(CNC2=C1C=CC(=C2)NC(=O)C3=C(N=CC=C3)NCC4=CC=NC=C4)C,RAHBGWKEPAQNFF-UHFFFAOYSA-N,RAHBGWKEPAQNFF
KU-55933,C1COCCN1C2=CC(=O)C=C(O2)C3=C4C(=CC=C3)SC5=CC=CC=C5S4,XRKYMMUGXMWDAO-UHFFFAOYSA-N,XRKYMMUGXMWDAO
Elesclomol,CN(C(=S)C1=CC=CC=C1)NC(=O)CC(=O)NN(C)C(=S)C2=CC=CC=C2,BKJIXTWSNXCKJH-UHFFFAOYSA-N,BKJIXTWSNXCKJH
Afatinib,CN(C)CC=CC(=O)NC1=C(C=C2C(=C1)C(=NC=N2)NC3=CC(=C(C=C3)F)Cl)OC4CCOC4,ULXXDDBFHOBEHA-CWDCEQMOSA-N,ULXXDDBFHOBEHA
Vismodegib,CS(=O)(=O)C1=CC(=C(C=C1)C(=O)NC2=CC(=C(C=C2)Cl)C3=CC=CC=N3)Cl,BPQMGSKTAYIVFO-UHFFFAOYSA-N,BPQMGSKTAYIVFO
Staurosporine,CC12C(C(CC(O1)N3C4=CC=CC=C4C5=C6C(=C7C8=CC=CC=C8N2C7=C53)CNC6=O)NC)OC,HKSZLNNOFSGOKW-FYTWVXJKSA-N,HKSZLNNOFSGOKW
PLX-4720,CCCS(=O)(=O)NC1=C(C(=C(C=C1)F)C(=O)C2=CNC3=C2C=C(C=N3)Cl)F,YZDJQTHVDDOVHR-UHFFFAOYSA-N,YZDJQTHVDDOVHR
BX795,C1CCN(C1)C(=O)NC2=CC=CC(=C2)NC3=NC=C(C(=N3)NCCCNC(=O)C4=CC=CS4)I,VAVXGGRQQJZYBL-UHFFFAOYSA-N,VAVXGGRQQJZYBL
NU7441,C1COCCN1C2=CC(=O)C3=C(O2)C(=CC=C3)C4=CC=CC5=C4SC6=CC=CC=C56,JAMULYFATHSZJM-UHFFFAOYSA-N,JAMULYFATHSZJM
SL0101,CC1C(C(C(C(O1)OC2=C(OC3=CC(=CC(=C3C2=O)O)O)C4=CC=C(C=C4)O)O)OC(=O)C)OC(=O)C,SXOZSDJHGMAEGZ-IGKKHSBFSA-N,SXOZSDJHGMAEGZ
Doramapimod,CC1=CC=C(C=C1)N2C(=CC(=N2)C(C)(C)C)NC(=O)NC3=CC=C(C4=CC=CC=C43)OCCN5CCOCC5,MVCOAUNKQVWQHZ-UHFFFAOYSA-N,MVCOAUNKQVWQHZ
JNK Inhibitor VIII,CCOC1=C(C(=CC(=N1)NC(=O)CC2=C(C=CC(=C2)OC)OC)N)C#N,KQMPRSZTUSSXND-UHFFFAOYSA-N,KQMPRSZTUSSXND
Wee1 Inhibitor,C1=CC=C(C(=C1)C2=CC3=C(C4=C(N3)C=CC(=C4)O)C5=C2C(=O)NC5=O)Cl,DPEXRCOBPACFOO-UHFFFAOYSA-N,DPEXRCOBPACFOO
Nutlin-3a (-),,,
Mirin,C1=CC(=CC=C1C=C2C(=O)N=C(S2)N)O,YBHQCJILTOVLHD-YVMONPNESA-N,YBHQCJILTOVLHD
PD173074,CCN(CC)CCCCNC1=NC2=NC(=C(C=C2C=N1)C3=CC(=CC(=C3)OC)OC)NC(=O)NC(C)(C)C,DXCUKNQANPLTEJ-UHFFFAOYSA-N,DXCUKNQANPLTEJ
ZM447439,COC1=C(C=C2C(=C1)C(=NC=N2)NC3=CC=C(C=C3)NC(=O)C4=CC=CC=C4)OCCCN5CCOCC5,OGNYUTNQZVRGMN-UHFFFAOYSA-N,OGNYUTNQZVRGMN
Alisertib,COC1=C(C(=CC=C1)F)C2=NCC3=CN=C(N=C3C4=C2C=C(C=C4)Cl)NC5=CC(=C(C=C5)C(=O)O)OC,ZLHFILGSQDJULK-UHFFFAOYSA-N,ZLHFILGSQDJULK
RO-3306,C1=CC2=C(C=CC(=C2)C=C3C(=O)NC(=NCC4=CC=CS4)S3)N=C1,XOLMRFUGOINFDQ-UHFFFAOYSA-N,XOLMRFUGOINFDQ
MK-2206,C1CC(C1)(C2=CC=C(C=C2)C3=C(C=C4C(=N3)C=CN5C4=NNC5=O)C6=CC=CC=C6)N,ULDXWLCXEDXJGE-UHFFFAOYSA-N,ULDXWLCXEDXJGE
Palbociclib,CC1=C(C(=O)N(C2=NC(=NC=C12)NC3=NC=C(C=C3)N4CCNCC4)C5CCCC5)C(=O)C,AHJRHEGDXFFMBM-UHFFFAOYSA-N,AHJRHEGDXFFMBM
Dactolisib,CC(C)(C#N)C1=CC=C(C=C1)N2C3=C4C=C(C=CC4=NC=C3N(C2=O)C)C5=CC6=CC=CC=C6N=C5,JOGKUKXHTYWRGZ-UHFFFAOYSA-N,JOGKUKXHTYWRGZ
Pictilisib,CS(=O)(=O)N1CCN(CC1)CC2=CC3=C(S2)C(=NC(=N3)C4=C5C=NNC5=CC=C4)N6CCOCC6,LHNIIDJUOCFXAP-UHFFFAOYSA-N,LHNIIDJUOCFXAP
AZD8055,CC1COCCN1C2=NC(=NC3=C2C=CC(=N3)C4=CC(=C(C=C4)OC)CO)N5CCOCC5C,KVLFRAWTRWDEDF-IRXDYDNUSA-N,KVLFRAWTRWDEDF
PD0325901,C1=CC(=C(C=C1I)F)NC2=C(C=CC(=C2F)F)C(=O)NOCC(CO)O,SUDAHWBOROXANE-SECBINFHSA-N,SUDAHWBOROXANE
SB590885,CN(C)CCOC1=CC=C(C=C1)C2=NC(=C(N2)C3=CC=NC=C3)C4=CC5=C(C=C4)C(=NO)CC5,MLSAQOINCGAULQ-UHFFFAOYSA-N,MLSAQOINCGAULQ
Selumetinib,CN1C=NC2=C1C=C(C(=C2F)NC3=C(C=C(C=C3)Br)Cl)C(=O)NOCCO,CYOHGALHFOKKQC-UHFFFAOYSA-N,CYOHGALHFOKKQC
CCT007093,C1CC(=CC2=CC=CS2)C(=O)C1=CC3=CC=CS3,KPFZCKDPBMGECB-WGDLNXRISA-N,KPFZCKDPBMGECB
Obatoclax Mesylate,CC1=CC(=C(N1)C=C2C(=CC(=C3C=C4C=CC=CC4=N3)N2)OC)C.CS(=O)(=O)O,ZVAGBRFUYHSUHA-LZOXOEDVSA-N,ZVAGBRFUYHSUHA
EHT-1864,C1COCCN1CC2=CC(=O)C(=CO2)OCCCCCSC3=C4C=CC(=CC4=NC=C3)C(F)(F)F.Cl.Cl,LSECOAJFCKFQJG-UHFFFAOYSA-N,LSECOAJFCKFQJG
Avagacestat,C1=CC(=CC=C1S(=O)(=O)N(CC2=C(C=C(C=C2)C3=NOC=N3)F)C(CCC(F)(F)F)C(=O)N)Cl,XEAOPVUAMONVLA-QGZVFWFLSA-N,XEAOPVUAMONVLA
5-Fluorouracil,C1=C(C(=O)NC(=O)N1)F,GHASVSINZRGABV-UHFFFAOYSA-N,GHASVSINZRGABV
Dasatinib,CC1=C(C(=CC=C1)Cl)NC(=O)C2=CN=C(S2)NC3=CC(=NC(=N3)C)N4CCN(CC4)CCO,ZBNZXTGUTAYRHI-UHFFFAOYSA-N,ZBNZXTGUTAYRHI
Paclitaxel,CC1=C2C(C(=O)C3(C(CC4C(C3C(C(C2(C)C)(CC1OC(=O)C(C(C5=CC=CC=C5)NC(=O)C6=CC=CC=C6)O)O)OC(=O)C7=CC=CC=C7)(CO4)OC(=O)C)O)C)OC(=O)C,RCINICONZNJXQF-MZXODVADSA-N,RCINICONZNJXQF
Crizotinib,CC(C1=C(C=CC(=C1Cl)F)Cl)OC2=C(N=CC(=C2)C3=CN(N=C3)C4CCNCC4)N,KTEIFNKAUNYNJU-GFCCVEGCSA-N,KTEIFNKAUNYNJU
Rapamycin,CC1CCC2CC(C(=CC=CC=CC(CC(C(=O)C(C(C(=CC(C(=O)CC(OC(=O)C3CCCCN3C(=O)C(=O)C1(O2)O)C(C)CC4CCC(C(C4)OC)O)C)C)O)OC)C)C)C)OC,QFJCIRLUMZQUOT-HPLJOQBZSA-N,QFJCIRLUMZQUOT
Sorafenib,CNC(=O)C1=NC=CC(=C1)OC2=CC=C(C=C2)NC(=O)NC3=CC(=C(C=C3)Cl)C(F)(F)F,MLDQJTXFUGDVEO-UHFFFAOYSA-N,MLDQJTXFUGDVEO
BI-2536,CCC1C(=O)N(C2=CN=C(N=C2N1C3CCCC3)NC4=C(C=C(C=C4)C(=O)NC5CCN(CC5)C)OC)C,XQVVPGYIWAGRNI-JOCHJYFZSA-N,XQVVPGYIWAGRNI
Irinotecan,CCC1=C2CN3C(=CC4=C(C3=O)COC(=O)C4(CC)O)C2=NC5=C1C=C(C=C5)OC(=O)N6CCC(CC6)N7CCCCC7,UWKQSNNFCGGAFS-XIFFEERXSA-N,UWKQSNNFCGGAFS
Oxaliplatin,C1CCC(C(C1)[NH-])[NH-].C(=O)(C(=O)O)O.[Pt+2],DRMCATBEKSVAPL-BNTLRKBRSA-N,DRMCATBEKSVAPL
BMS-536924,CC1=CC(=CC2=C1N=C(N2)C3=C(C=CNC3=O)NCC(C4=CC(=CC=C4)Cl)O)N5CCOCC5,ZWVZORIKUNOTCS-OAQYLSRUSA-N,ZWVZORIKUNOTCS
GSK1904529A,CCC1=CC(=C(C=C1N2CCC(CC2)N3CCN(CC3)S(=O)(=O)C)OC)NC4=NC=CC(=N4)C5=C(N=C6N5C=CC=C6)C7=CC(=C(C=C7)OC)C(=O)NC8=C(C=CC=C8F)F,MOSKATHMXWSZTQ-UHFFFAOYSA-N,MOSKATHMXWSZTQ
Tozasertib,CC1=CC(=NN1)NC2=CC(=NC(=N2)SC3=CC=C(C=C3)NC(=O)C4CC4)N5CCN(CC5)C,GCIKSSRWRFVXBI-UHFFFAOYSA-N,GCIKSSRWRFVXBI
PF-4708671,CCC1=CN=CN=C1N2CCN(CC2)CC3=NC4=C(N3)C=C(C=C4)C(F)(F)F,FBLPQCAQRNSVHB-UHFFFAOYSA-N,FBLPQCAQRNSVHB
PRIMA-1MET,COCC1(C(=O)C2CCN1CC2)CO,BGBNULCRKBVAKL-UHFFFAOYSA-N,BGBNULCRKBVAKL
Serdemetan,C1=CC=C2C(=C1)C(=CN2)CCNC3=CC=C(C=C3)NC4=CC=NC=C4,CEGSUKYESLWKJP-UHFFFAOYSA-N,CEGSUKYESLWKJP
TW 37,CC(C)C1=CC=CC=C1CC2=CC(=C(C(=C2O)O)O)C(=O)NC3=CC=C(C=C3)S(=O)(=O)C4=CC=CC=C4C(C)(C)C,PQAPVTKIEGUPRN-UHFFFAOYSA-N,PQAPVTKIEGUPRN
Erlotinib,COCCOC1=C(C=C2C(=C1)C(=NC=N2)NC3=CC=CC(=C3)C#C)OCCOC,AAKJLRGGTJKAMG-UHFFFAOYSA-N,AAKJLRGGTJKAMG
CCT-018159,CCC1=CC(=C(C=C1O)O)C2=NNC(=C2C3=CC4=C(C=C3)OCCO4)C,OWPMENVYXDJDOW-UHFFFAOYSA-N,OWPMENVYXDJDOW
Rucaparib,CNCC1=CC=C(C=C1)C2=C3CCNC(=O)C4=C3C(=CC(=C4)F)N2,HMABYWSNWIZPAG-UHFFFAOYSA-N,HMABYWSNWIZPAG
Niraparib,C1CC(CNC1)C2=CC=C(C=C2)N3C=C4C=CC=C(C4=N3)C(=O)N,PCHKPVIQAHNQLW-CQSZACIVSA-N,PCHKPVIQAHNQLW
MK-1775,CC(C)(C1=NC(=CC=C1)N2C3=NC(=NC=C3C(=O)N2CC=C)NC4=CC=C(C=C4)N5CCN(CC5)C)O,BKWJAKQVGHWELA-UHFFFAOYSA-N,BKWJAKQVGHWELA
Dinaciclib,CCC1=C2N=C(C=C(N2N=C1)NCC3=C[N+](=CC=C3)[O-])N4CCCCC4CCO,PIMQWRZWLQKKBJ-SFHVURJKSA-N,PIMQWRZWLQKKBJ
Gemcitabine,C1=CN(C(=O)N=C1N)C2C(C(C(O2)CO)O)(F)F,SDUQYLNIPVEERB-QPPQHZFASA-N,SDUQYLNIPVEERB
Bortezomib,B(C(CC(C)C)NC(=O)C(CC1=CC=CC=C1)NC(=O)C2=NC=CN=C2)(O)O,GXJABQQUPOEUTA-RDJZCZTQSA-N,GXJABQQUPOEUTA
GSK269962A,CCN1C2=CC(=NC=C2N=C1C3=NON=C3N)OC4=CC=CC(=C4)NC(=O)C5=CC=C(C=C5)OCCN6CCOCC6,YOVNFNXUCOWYSG-UHFFFAOYSA-N,YOVNFNXUCOWYSG
SB505124,CC1=NC(=CC=C1)C2=C(N=C(N2)C(C)(C)C)C3=CC4=C(C=C3)OCO4,WGZOTBUYUFBEPZ-UHFFFAOYSA-N,WGZOTBUYUFBEPZ
Tamoxifen,CCC(=C(C1=CC=CC=C1)C2=CC=C(C=C2)OCCN(C)C)C3=CC=CC=C3,NKANXQFJJICGDU-QPLCGJKRSA-N,NKANXQFJJICGDU
Fulvestrant,CC12CCC3C(C1CCC2O)C(CC4=C3C=CC(=C4)O)CCCCCCCCCS(=O)CCCC(C(F)(F)F)(F)F,VWUXBMIQPBEWFH-WCCTWKNTSA-N,VWUXBMIQPBEWFH
EPZ004777,CC(C)N(CCCNC(=O)NC1=CC=C(C=C1)C(C)(C)C)CC2C(C(C(O2)N3C=CC4=C(N=CN=C43)N)O)O,WXRGFPHDRFQODR-ICLZECGLSA-N,WXRGFPHDRFQODR
YK-4-279,COC1=CC=C(C=C1)C(=O)CC2(C3=C(C=CC(=C3NC2=O)Cl)Cl)O,HLXSCTYHLQHQDJ-UHFFFAOYSA-N,HLXSCTYHLQHQDJ
Piperlongumine,COC1=CC(=CC(=C1OC)OC)C=CC(=O)N2CCC=CC2=O,VABYUUZNAVQNPG-BQYQJAHWSA-N,VABYUUZNAVQNPG
Daporinad,C1CN(CCC1CCCCNC(=O)C=CC2=CN=CC=C2)C(=O)C3=CC=CC=C3,KPBNHDGDUADAGP-VAWYXSNFSA-N,KPBNHDGDUADAGP
BMS-345541,CC1=CC2=C(C=C1)N=C(C3=NC=C(N23)C)NCCN.Cl,MIDKPVLYXNLFGZ-UHFFFAOYSA-N,MIDKPVLYXNLFGZ
AZ960,CC1=CC(=NN1)NC2=C(C=C(C(=N2)NC(C)C3=CC=C(C=C3)F)C#N)F,SUNXHXDJOIXABJ-NSHDSACASA-N,SUNXHXDJOIXABJ
Talazoparib,CN1C(=NC=N1)C2C(NC3=CC(=CC4=C3C2=NNC4=O)F)C5=CC=C(C=C5)F,HWGQMRYQVZSGDQ-HZPDHXFCSA-N,HWGQMRYQVZSGDQ
XAV939,C1CSCC2=C1N=C(NC2=O)C3=CC=C(C=C3)C(F)(F)F,KLGQSVMIPOVQAX-UHFFFAOYSA-N,KLGQSVMIPOVQAX
Trametinib,CC1=C2C(=C(N(C1=O)C)NC3=C(C=C(C=C3)I)F)C(=O)N(C(=O)N2C4=CC=CC(=C4)NC(=O)C)C5CC5,LIRYPHYGHXZJBZ-UHFFFAOYSA-N,LIRYPHYGHXZJBZ
Dabrafenib,CC(C)(C)C1=NC(=C(S1)C2=NC(=NC=C2)N)C3=C(C(=CC=C3)NS(=O)(=O)C4=C(C=CC=C4F)F)F,BFSMGDJOXZAERB-UHFFFAOYSA-N,BFSMGDJOXZAERB
Temozolomide,CN1C(=O)N2C=NC(=C2N=N1)C(=O)N,BPEGJWRSRHCHSN-UHFFFAOYSA-N,BPEGJWRSRHCHSN
Bleomycin (50 uM),,,
AZD5438,CC1=NC=C(N1C(C)C)C2=NC(=NC=C2)NC3=CC=C(C=C3)S(=O)(=O)C,WJRRGYBTGDJBFX-UHFFFAOYSA-N,WJRRGYBTGDJBFX
IAP_5620,,,
AZD2014,CC1COCCN1C2=NC(=NC3=C2C=CC(=N3)C4=CC(=CC=C4)C(=O)NC)N5CCOCC5C,JUSFANSTBFGBAF-IRXDYDNUSA-N,JUSFANSTBFGBAF
AZD1208,C1CC(CN(C1)C2=C(C=CC=C2C3=CC=CC=C3)C=C4C(=O)NC(=O)S4)N,MCUJKPPARUPFJM-UWCCDQBKSA-N,MCUJKPPARUPFJM
AZD1332,CC(C)OC1=NNC(=C1)NC2=NC(=NC=C2Cl)NC(C)C3=NC=C(C=C3)F,LBVKEEFIPBQIMD-UHFFFAOYSA-N,LBVKEEFIPBQIMD
SN-38,CCC1=C2CN3C(=CC4=C(C3=O)COC(=O)C4(CC)O)C2=NC5=C1C=C(C=C5)O,FJHBVJOVLFPMQE-QFIPXVFZSA-N,FJHBVJOVLFPMQE
Bicalutamide,CC(CS(=O)(=O)C1=CC=C(C=C1)F)(C(=O)NC2=CC(=C(C=C2)C#N)C(F)(F)F)O,LKJPYSCBVHEWIU-UHFFFAOYSA-N,LKJPYSCBVHEWIU
Ruxolitinib,C1CCC(C1)C(CC#N)N2C=C(C=N2)C3=C4C=CNC4=NC=N3,HFNKQEVNSGCOJV-OAHLLOKOSA-N,HFNKQEVNSGCOJV
Linsitinib,CC1(CC(C1)C2=NC(=C3N2C=CN=C3N)C4=CC5=C(C=C4)C=CC(=N5)C6=CC=CC=C6)O,PKCDDUHJAFVJJB-UHFFFAOYSA-N,PKCDDUHJAFVJJB
Epirubicin,CC1C(C(CC(O1)OC2CC(CC3=C2C(=C4C(=C3O)C(=O)C5=C(C4=O)C(=CC=C5)OC)O)(C(=O)CO)O)N)O,AOJJSUZBOXZQNB-VTZDEGQISA-N,AOJJSUZBOXZQNB
Cyclophosphamide,C1CNP(=O)(OC1)N(CCCl)CCCl,CMSMOCZEIVJLDB-UHFFFAOYSA-N,CMSMOCZEIVJLDB
Pevonedistat,C1CC2=CC=CC=C2C1NC3=C4C=CN(C4=NC=N3)C5CC(C(C5)O)COS(=O)(=O)N,MPUQHZXIXSTTDU-QXGSTGNESA-N,MPUQHZXIXSTTDU
Sapitinib,CNC(=O)CN1CCC(CC1)OC2=C(C=C3C(=C2)C(=NC=N3)NC4=C(C(=CC=C4)Cl)F)OC,DFJSJLGUIXFDJP-UHFFFAOYSA-N,DFJSJLGUIXFDJP
Uprosertib,CN1C(=C(C=N1)Cl)C2=C(OC(=C2)C(=O)NC(CC3=CC(=C(C=C3)F)F)CN)Cl,AXTAPYRUEKNRBA-JTQLQIEISA-N,AXTAPYRUEKNRBA
LCL161,CC(C(=O)NC(C1CCCCC1)C(=O)N2CCCC2C3=NC(=CS3)C(=O)C4=CC=C(C=C4)F)NC,UFPFGVNKHCLJJO-SSKFGXFMSA-N,UFPFGVNKHCLJJO
Lapatinib,CS(=O)(=O)CCNCC1=CC=C(O1)C2=CC3=C(C=C2)N=CN=C3NC4=CC(=C(C=C4)OCC5=CC(=CC=C5)F)Cl,BCFGMOOMADDAQU-UHFFFAOYSA-N,BCFGMOOMADDAQU
Luminespib,CCNC(=O)C1=NOC(=C1C2=CC=C(C=C2)CN3CCOCC3)C4=CC(=C(C=C4O)O)C(C)C,NDAZATDQFDPQBD-UHFFFAOYSA-N,NDAZATDQFDPQBD
Alpelisib,CC1=C(SC(=N1)NC(=O)N2CCCC2C(=O)N)C3=CC(=NC=C3)C(C)(C)C(F)(F)F,STUWGJZDJHPWGZ-LBPRGKRZSA-N,STUWGJZDJHPWGZ
Taselisib,CC1=NN(C(=N1)C2=CN3CCOC4=C(C3=N2)C=CC(=C4)C5=CN(N=C5)C(C)(C)C(=O)N)C(C)C,BEUQXVWXFDOSAQ-UHFFFAOYSA-N,BEUQXVWXFDOSAQ
EPZ5676,CC(C)N(CC1C(C(C(O1)N2C=NC3=C(N=CN=C32)N)O)O)C4CC(C4)CCC5=NC6=C(N5)C=C(C=C6)C(C)(C)C,LXFOLMYKSYSZQS-XKHGBIBOSA-N,LXFOLMYKSYSZQS
SCH772984,C1CN(CC1C(=O)NC2=CC3=C(C=C2)NN=C3C4=CC=NC=C4)CC(=O)N5CCN(CC5)C6=CC=C(C=C6)C7=NC=CC=N7,HDAJDNHIBCDLQF-RUZDIDTESA-N,HDAJDNHIBCDLQF
IWP-2,CC1=CC2=C(C=C1)N=C(S2)NC(=O)CSC3=NC4=C(C(=O)N3C5=CC=CC=C5)SCC4,WRKPZSMRWPJJDH-UHFFFAOYSA-N,WRKPZSMRWPJJDH
Leflunomide,CC1=C(C=NO1)C(=O)NC2=CC=C(C=C2)C(F)(F)F,VHOGYURTWQBHIL-UHFFFAOYSA-N,VHOGYURTWQBHIL
GSK2801,CCCOC1=CC2=C(C=C(N2C=C1)C(=O)C)C3=CC=CC=C3S(=O)(=O)C,KHWCPNJRJCNVRI-UHFFFAOYSA-N,KHWCPNJRJCNVRI
Bromosporine,CCOC(=O)NC1=CC(=NN2C1=NN=C2C)C3=CC(=C(C=C3)C)NS(=O)(=O)C,UYBRROMMFMPJAN-UHFFFAOYSA-N,UYBRROMMFMPJAN
SGC-CBP30,CC1=C(C(=NO1)C)C2=CC3=C(C=C2)N(C(=N3)CCC4=CC(=C(C=C4)OC)Cl)CC(C)N5CCOCC5,GEPYBHCJBORHCE-SFHVURJKSA-N,GEPYBHCJBORHCE
GSK-LSD1,C1CNCCC1NC2CC2C3=CC=CC=C3,BASFYRLYJAZPPL-UONOGXRCSA-N,BASFYRLYJAZPPL
BDOCA000347a,,,
BDF00022089a,,,
BDILV000379a,,,
Entinostat,C1=CC=C(C(=C1)N)NC(=O)C2=CC=C(C=C2)CNC(=O)OCC3=CN=CC=C3,INVTYAOGFAGBOE-UHFFFAOYSA-N,INVTYAOGFAGBOE
OSI-027,COC1=CC=CC2=C1NC(=C2)C3=C4C(=NC=NN4C(=N3)C5CCC(CC5)C(=O)O)N,JROFGZPOBKIAEW-UHFFFAOYSA-N,JROFGZPOBKIAEW
LGK974,CC1=CC(=CN=C1C2=CC(=NC=C2)C)CC(=O)NC3=NC=C(C=C3)C4=NC=CN=C4,XXYGTCZJJLTAGH-UHFFFAOYSA-N,XXYGTCZJJLTAGH
VE-822,CC(C)S(=O)(=O)C1=CC=C(C=C1)C2=CN=C(C(=N2)C3=CC(=NO3)C4=CC=C(C=C4)CNC)N,JZCWLJDSIRUGIN-UHFFFAOYSA-N,JZCWLJDSIRUGIN
WZ4003,CCC(=O)NC1=CC(=CC=C1)OC2=NC(=NC=C2Cl)NC3=C(C=C(C=C3)N4CCN(CC4)C)OC,SDGJBAUIGHSMRI-UHFFFAOYSA-N,SDGJBAUIGHSMRI
CZC24832,CC(C)(C)NS(=O)(=O)C1=CN=CC(=C1)C2=CN3C(=NC(=N3)N)C(=C2)F,RXRZPHQBTHQXSV-UHFFFAOYSA-N,RXRZPHQBTHQXSV
AZD5582,CC(C(=O)NC(C1CCCCC1)C(=O)N2CCCC2C(=O)NC3C(CC4=CC=CC=C34)OCC#CC#CCOC5CC6=CC=CC=C6C5NC(=O)C7CCCN7C(=O)C(C8CCCCC8)NC(=O)C(C)NC)NC,WLMCRYCCYXHPQF-ZVMUOSSASA-N,WLMCRYCCYXHPQF
GSK2606414,CN1C=C(C2=C(N=CN=C21)N)C3=CC4=C(C=C3)N(CC4)C(=O)CC5=CC(=CC=C5)C(F)(F)F,SIXVRXARNAVBTC-UHFFFAOYSA-N,SIXVRXARNAVBTC
PFI3,C1C2CN(C1CN2C3=CC=CC=N3)C=CC(=O)C4=CC=CC=C4O,INAICWLVUAKEPB-QSTFCLMHSA-N,INAICWLVUAKEPB
PCI-34051,COC1=CC=C(C=C1)CN2C=CC3=C2C=C(C=C3)C(=O)NO,AJRGHIGYPXNABY-UHFFFAOYSA-N,AJRGHIGYPXNABY
Wnt-C59,CC1=NC=CC(=C1)C2=CC=C(C=C2)CC(=O)NC3=CC=C(C=C3)C4=CN=CC=C4,KHZOJCQBHJUJFY-UHFFFAOYSA-N,KHZOJCQBHJUJFY
I-BET-762,CCNC(=O)CC1C2=NN=C(N2C3=C(C=C(C=C3)OC)C(=N1)C4=CC=C(C=C4)Cl)C,AAAQFGUYHFJNHI-SFHVURJKSA-N,AAAQFGUYHFJNHI
RVX-208,CC1=CC(=CC(=C1OCCO)C)C2=NC3=C(C(=CC(=C3)OC)OC)C(=O)N2,NETXMUIMUZJUTB-UHFFFAOYSA-N,NETXMUIMUZJUTB
OTX015,CC1=C(SC2=C1C(=NC(C3=NN=C(N32)C)CC(=O)NC4=CC=C(C=C4)O)C5=CC=C(C=C5)Cl)C,GNMUEVRJHCWKTO-FQEVSTJZSA-N,GNMUEVRJHCWKTO
GSK343,CCCC1=C(C(=O)NC(=C1)C)CNC(=O)C2=C3C=NN(C3=CC(=C2)C4=CC(=NC=C4)N5CCN(CC5)C)C(C)C,ULNXAWLQFZMIHX-UHFFFAOYSA-N,ULNXAWLQFZMIHX
ML323,CC1=CN=C(N=C1NCC2=CC=C(C=C2)N3C=CN=N3)C4=CC=CC=C4C(C)C,VUIRVWPJNKZOSS-UHFFFAOYSA-N,VUIRVWPJNKZOSS
Entospletinib,C1COCCN1C2=CC=C(C=C2)NC3=NC(=CN4C3=NC=C4)C5=CC6=C(C=C5)C=NN6,XSMSNFMDVXXHGJ-UHFFFAOYSA-N,XSMSNFMDVXXHGJ
PRT062607,C1CCC(C(C1)N)NC2=NC=C(C(=N2)NC3=CC(=CC=C3)N4N=CC=N4)C(=O)N,TXGKRVFSSHPBAJ-JKSUJKDBSA-N,TXGKRVFSSHPBAJ
Ribociclib,CN(C)C(=O)C1=CC2=CN=C(N=C2N1C3CCCC3)NC4=NC=C(C=C4)N5CCNCC5,RHXHGRAEPCAFML-UHFFFAOYSA-N,RHXHGRAEPCAFML
AGI-6780,C1CC1NS(=O)(=O)C2=CC(=C(C=C2)C3=CSC=C3)NC(=O)NC4=CC=CC(=C4)C(F)(F)F,CCAWRGNYALGPQH-UHFFFAOYSA-N,CCAWRGNYALGPQH
Picolinici-acid,,,
AZD5153,CC1C(=O)N(CCN1CCOC2=CC=C(C=C2)C3CCN(CC3)C4=NN5C(=NN=C5OC)C=C4)C,RSMYFSPOTCDHHJ-GOSISDBHSA-N,RSMYFSPOTCDHHJ
CDK9_5576,,,
CDK9_5038,,,
Eg5_9814,,,
ERK_2440,,,
ERK_6604,,,
IRAK4_4710,,,
JAK1_8709,,,
AZD5991,CC1=C2C(=NN1C)CSCC3=NN(C(=C3)CSC4=CC5=CC=CC=C5C(=C4)OCCCC6=C(N(C7=C6C=CC(=C27)Cl)C)C(=O)O)C,KBQCEQAXHPIRTF-UHFFFAOYSA-N,KBQCEQAXHPIRTF
PAK_5339,,,
TAF1_5496,,,
ULK1_4989,,,
VSP34_8731,,,
IGF1R_3801,,,
JAK_8517,,,
GSK2256098C,,,
GSK2276186C,,,
GSK2110183B,CN1C(=C(C=N1)Cl)C2=C(SC(=C2)C(=O)NC(CC3=CC(=CC=C3)F)CN)Cl.Cl,YFQJOPFTGMHYNV-YDALLXLXSA-N,YFQJOPFTGMHYNV
GSK626616AC,,,
GSK3337463A,,,
GSK2830371A,,,
LMB_AB1,,,
LMB_AB2,,,
LMB_AB3,,,
AZD4547,CC1CN(CC(N1)C)C2=CC=C(C=C2)C(=O)NC3=NNC(=C3)CCC4=CC(=CC(=C4)OC)OC,VRQMAABPASPXMW-HDICACEKSA-N,VRQMAABPASPXMW
Ibrutinib,C=CC(=O)N1CCCC(C1)N2C3=NC=NC(=C3C(=N2)C4=CC=C(C=C4)OC5=CC=CC=C5)N,XYFPWWZEPKGCCK-GOSISDBHSA-N,XYFPWWZEPKGCCK
Zoledronate,C1=CN(C=N1)CC(O)(P(=O)(O)O)P(=O)(O)O,XRASPMIURGNCCH-UHFFFAOYSA-N,XRASPMIURGNCCH
Acetalax,CC(=O)OC1=CC=C(C=C1)C2(C3=CC=CC=C3NC2=O)C4=CC=C(C=C4)OC(=O)C,PHPUXYRXPHEJDF-UHFFFAOYSA-N,PHPUXYRXPHEJDF
Topotecan,CCC1(C2=C(COC1=O)C(=O)N3CC4=CC5=C(C=CC(=C5CN(C)C)O)N=C4C3=C2)O,UCFGDBYHRUNTLO-QHCPKHFHSA-N,UCFGDBYHRUNTLO
Teniposide,COC1=CC(=CC(=C1O)OC)C2C3C(COC3=O)C(C4=CC5=C(C=C24)OCO5)OC6C(C(C7C(O6)COC(O7)C8=CC=CS8)O)O,NRUKOCRGYNPUPR-QBPJDGROSA-N,NRUKOCRGYNPUPR
Mitoxantrone,C1=CC(=C2C(=C1NCCNCCO)C(=O)C3=C(C=CC(=C3C2=O)O)O)NCCNCCO,KKZJGLLVHKMTCM-UHFFFAOYSA-N,KKZJGLLVHKMTCM
Dactinomycin,CC1C(C(=O)NC(C(=O)N2CCCC2C(=O)N(CC(=O)N(C(C(=O)O1)C(C)C)C)C)C(C)C)NC(=O)C3=C4C(=C(C=C3)C)OC5=C(C(=O)C(=C(C5=N4)C(=O)NC6C(OC(=O)C(N(C(=O)CN(C(=O)C7CCCN7C(=O)C(NC6=O)C(C)C)C)C)C(C)C)C)N)C,RJURFGZVJUQBHK-IIXSONLDSA-N,RJURFGZVJUQBHK
Bleomycin,CC1=C(N=C(N=C1N)C(CC(=O)N)NCC(C(=O)N)N)C(=O)NC(C(C2=CN=CN2)OC3C(C(C(C(O3)CO)O)O)OC4C(C(C(C(O4)CO)O)OC(=O)N)O)C(=O)NC(C)C(C(C)C(=O)NC(C(C)O)C(=O)NCCC5=NC(=CS5)C6=NC(=CS6)C(=O)NCCC[S+](C)C)O,OYVAGSVQBOHSSS-WXFSZRTFSA-O,OYVAGSVQBOHSSS
Fludarabine,C1=NC2=C(N=C(N=C2N1C3C(C(C(O3)CO)O)O)F)N,HBUBKKRHXORPQB-FJFJXFQQSA-N,HBUBKKRHXORPQB
Nelarabine,COC1=NC(=NC2=C1N=CN2C3C(C(C(O3)CO)O)O)N,IXOXBSCIXZEQEQ-UHTZMRCNSA-N,IXOXBSCIXZEQEQ
Dacarbazine,CN(C)N=NC1=C(NC=N1)C(=O)N,FDKXTQMXEQVLRF-ZHACJKMWSA-N,FDKXTQMXEQVLRF
Romidepsin,CC=C1C(=O)NC(C(=O)OC2CC(=O)NC(C(=O)NC(CSSCCC=C2)C(=O)N1)C(C)C)C(C)C,OHRURASPPZQGQM-GCCNXGTGSA-N,OHRURASPPZQGQM
123829,,,
765771,,,
123138,,,
Podophyllotoxin bromide,COC1=CC(=CC(=C1OC)OC)C2C3C(COC3=O)C(C4=CC5=C(C=C24)OCO5)Br,VNDCSULMOTZMNT-KSRYTWCQSA-N,VNDCSULMOTZMNT
50869,,,
Dihydrorotenone,CC(C)C1CC2=C(O1)C=CC3=C2OC4COC5=CC(=C(C=C5C4C3=O)OC)OC,DTFARBHXORYQBF-HBGVWJBISA-N,DTFARBHXORYQBF
720427,,,
667880,,,
Gallibiscoquinazole,COC1=C(C(=C2C(=C1)C(=O)NC(N2)(NC(=O)OC)NC(=O)OC)OC)OC,LZHVHZJESCMXKN-UHFFFAOYSA-N,LZHVHZJESCMXKN
L-Oxonoreleagnine,C1CNC(=O)C2=C1C3=CC=CC=C3N2,FZHZQHNKCPJTNQ-UHFFFAOYSA-N,FZHZQHNKCPJTNQ
729189,,,
741909,,,
743380,,,
Elephantin,CC(=CC(=O)OC1CC2=CC(CC3(C(O3)C4C1C(=C)C(=O)O4)C)OC2=O)C,HSTUUCOYVIWGLJ-DXUAHVLSSA-N,HSTUUCOYVIWGLJ
150412,,,
Sinularin,CC1=CCCC(C2CC(CCC3(C(O3)CC1)C)C(=C)C(=O)O2)(C)O,YKKJETNBRNDYKN-AWNIVKPZSA-N,YKKJETNBRNDYKN
615590,,,
630600,,,
LMP744,COC1=C(C=C2C(=C1)C3=C(C4=CC5=C(C=C4C3=O)OCO5)N(C2=O)CCCNCCO)OC,QCSDJDQOJBQTDV-UHFFFAOYSA-N,QCSDJDQOJBQTDV
776928,,,
Schweinfurthin A,CC(=CCCC(=CCC1=C(C=C(C=C1O)C=CC2=CC3=C(C(=C2)O)OC4(CC(C(C(C4C3)(C)C)O)O)C)O)C)C,HSDZWMOBUPRZEU-LXYWBZBZSA-N,HSDZWMOBUPRZEU
BEN,C1=CC=C(C=C1)C(=N)N,PXXJHWLDUBFPOL-UHFFFAOYSA-N,PXXJHWLDUBFPOL
Sabutoclax,CC1=CC2=C(C(=C(C=C2C(=C1C3=C(C4=CC(=C(C(=C4C=C3C)C(=O)NCC(C)C5=CC=CC=C5)O)O)O)O)O)O)C(=O)NCC(C)C6=CC=CC=C6,RAYNZUHYMMLQQA-ZEQRLZLVSA-N,RAYNZUHYMMLQQA
LY2109761,C1CC2=C(C(=NN2C1)C3=CC=CC=N3)C4=C5C=CC(=CC5=NC=C4)OCCN6CCOCC6,IHLVSLOZUHKNMQ-UHFFFAOYSA-N,IHLVSLOZUHKNMQ
OF-1,CC1=C(C=CC(=C1)Br)S(=O)(=O)NC2=CC3=C(C=C2OC)N(C(=O)N3C)C,YUNQZQREIHWDQT-UHFFFAOYSA-N,YUNQZQREIHWDQT
MN-64,CC(C)C1=CC=C(C=C1)C2=CC(=O)C3=CC=CC=C3O2,PYTOHIUBXSJKQH-UHFFFAOYSA-N,PYTOHIUBXSJKQH
KRAS (G12C) Inhibitor-12,,,
MG-132,CC(C)CC(C=O)NC(=O)C(CC(C)C)NC(=O)C(CC(C)C)NC(=O)OCC1=CC=CC=C1,TZYWCYJVHRLUCT-VABKMULXSA-N,TZYWCYJVHRLUCT
BDP-00009066,,,
Buparlisib,C1COCCN1C2=NC(=NC(=C2)C3=CN=C(C=C3C(F)(F)F)N)N4CCOCC4,CWHUFRVAEUJCEF-UHFFFAOYSA-N,CWHUFRVAEUJCEF
Ulixertinib,CC(C)NC1=NC=C(C(=C1)C2=CNC(=C2)C(=O)NC(CO)C3=CC(=CC=C3)Cl)Cl,KSERXGMCDHOLSS-LJQANCHMSA-N,KSERXGMCDHOLSS
Venetoclax,CC1(CCC(=C(C1)C2=CC=C(C=C2)Cl)CN3CCN(CC3)C4=CC(=C(C=C4)C(=O)NS(=O)(=O)C5=CC(=C(C=C5)NCC6CCOCC6)[N+](=O)[O-])OC7=CN=C8C(=C7)C=CN8)C,LQBVNQSMGBZMKD-UHFFFAOYSA-N,LQBVNQSMGBZMKD
ABT737,CN(C)CCC(CSC1=CC=CC=C1)NC2=C(C=C(C=C2)S(=O)(=O)NC(=O)C3=CC=C(C=C3)N4CCN(CC4)CC5=CC=CC=C5C6=CC=C(C=C6)Cl)[N+](=O)[O-],HPLNQCPCUACXLM-PGUFJCEWSA-N,HPLNQCPCUACXLM
Afuresertib,CN1C(=C(C=N1)Cl)C2=C(SC(=C2)C(=O)NC(CC3=CC(=CC=C3)F)CN)Cl,AFJRDFWMXUECEW-LBPRGKRZSA-N,AFJRDFWMXUECEW
AGI-5198,CC1=CC=CC=C1C(C(=O)NC2CCCCC2)N(C3=CC(=CC=C3)F)C(=O)CN4C=CN=C4C,FNYGWXSATBUBER-UHFFFAOYSA-N,FNYGWXSATBUBER
AZD3759,CC1CN(CCN1C(=O)OC2=C(C=C3C(=C2)C(=NC=N3)NC4=C(C(=CC=C4)Cl)F)OC)C,MXDSJQHFFDGFDK-CYBMUJFWSA-N,MXDSJQHFFDGFDK
AZD5363,C1CN(CCC1(C(=O)NC(CCO)C2=CC=C(C=C2)Cl)N)C3=NC=NC4=C3C=CN4,JDUBGYFRJFOXQC-KRWDZBQOSA-N,JDUBGYFRJFOXQC
AZD6738,CC1COCCN1C2=NC(=NC(=C2)C3(CC3)S(=N)(=O)C)C4=CN=CC5=C4C=CN5,DTTJKLNXNZAVSM-JYCIKRDWSA-N,DTTJKLNXNZAVSM
AZD8186,CC(C1=CC(=CC2=C1OC(=CC2=O)N3CCOCC3)C(=O)N(C)C)NC4=CC(=CC(=C4)F)F,LMJFJIDLEAWOQJ-CQSZACIVSA-N,LMJFJIDLEAWOQJ
Osimertinib,CN1C=C(C2=CC=CC=C21)C3=NC(=NC=C3)NC4=C(C=C(C(=C4)NC(=O)C=C)N(C)CCN(C)C)OC,DUYJMQONPNNFPI-UHFFFAOYSA-N,DUYJMQONPNNFPI
Cediranib,CC1=CC2=C(N1)C=CC(=C2F)OC3=NC=NC4=CC(=C(C=C43)OC)OCCCN5CCCC5,XXJWYDDUDKYVKI-UHFFFAOYSA-N,XXJWYDDUDKYVKI
Ipatasertib,CC1CC(C2=C1C(=NC=N2)N3CCN(CC3)C(=O)C(CNC(C)C)C4=CC=C(C=C4)Cl)O,GRZXWCHAXNAUHY-NSISKUIASA-N,GRZXWCHAXNAUHY
GDC0810,CCC(=C(C1=CC=C(C=C1)C=CC(=O)O)C2=CC3=C(C=C2)NN=C3)C4=C(C=C(C=C4)F)Cl,BURHGPHDEVGCEZ-KJGLQBJMSA-N,BURHGPHDEVGCEZ
GNE-317,CC1=C(SC2=C1N=C(N=C2N3CCOCC3)C4=CN=C(N=C4)N)C5(COC5)OC,XOZLHJMDLKDZAL-UHFFFAOYSA-N,XOZLHJMDLKDZAL
GSK2578215A,C1=CC=C(C=C1)COC2=C(C=C(C=C2)C3=CC(=NC=C3)F)C(=O)NC4=CN=CC=C4,WCIGMFCFPXZRMQ-UHFFFAOYSA-N,WCIGMFCFPXZRMQ
I-BRD9,CCN1C=C(C2=C(C1=O)C=C(S2)C(=NC3CCS(=O)(=O)CC3)N)C4=CC(=CC=C4)C(F)(F)F,WRUWGLUCNBMGPS-UHFFFAOYSA-N,WRUWGLUCNBMGPS
Telomerase Inhibitor IX,C1=CC(=CC(=C1)NC(=O)C2=C(C(=CC=C2)O)O)NC(=O)C3=C(C(=CC=C3)O)O,MIQUEZGHEJGPJB-UHFFFAOYSA-N,MIQUEZGHEJGPJB
MIRA-1,CCC(=O)OCN1C(=O)C=CC1=O,YXEWPGYLMHXLPS-UHFFFAOYSA-N,YXEWPGYLMHXLPS
NVP-ADW742,C1CCN(C1)CC2CC(C2)N3C=C(C4=C(N=CN=C43)N)C5=CC(=CC=C5)OCC6=CC=CC=C6,LSFLAQVDISHMNB-UHFFFAOYSA-N,LSFLAQVDISHMNB
P22077,CC(=O)C1=CC(=C(S1)SC2=C(C=C(C=C2)F)F)[N+](=O)[O-],RMAMGGNACJHXHO-UHFFFAOYSA-N,RMAMGGNACJHXHO
Savolitinib,CC(C1=CN2C=CN=C2C=C1)N3C4=NC(=CN=C4N=N3)C5=CN(N=C5)C,XYDNMOZJKOGZLS-NSHDSACASA-N,XYDNMOZJKOGZLS
UMI-77,C1=CC=C2C(=C1)C(=CC(=C2O)SCC(=O)O)NS(=O)(=O)C3=CC=C(C=C3)Br,WUGANDSUVKXMEC-UHFFFAOYSA-N,WUGANDSUVKXMEC
WIKI4,COC1=CC=C(C=C1)N2C(=NN=C2SCCCN3C(=O)C4=CC=CC5=C4C(=CC=C5)C3=O)C6=CC=NC=C6,RNUXIZKXJOGYQP-UHFFFAOYSA-N,RNUXIZKXJOGYQP
Sepantronium bromide,CC1=[N+](C2=C(N1CCOC)C(=O)C3=CC=CC=C3C2=O)CC4=NC=CN=C4.[Br-],QBIYUDDJPRGKNJ-UHFFFAOYSA-M,QBIYUDDJPRGKNJ
MIM1,CC1=CSC(=NC2CCCCC2)N1N=CC3=C(C(=C(C=C3)O)O)O,RGGFUBMUOVFZEF-CQPAABLISA-N,RGGFUBMUOVFZEF
WEHI-539,C1CC2=C(C=C(C=C2)C3=NC(=C(S3)CCCOC4=CC=C(C=C4)CN)C(=O)O)C(=NNC5=NC6=CC=CC=C6S5)C1,JKMWZKPAXZBYEH-JWHWKPFMSA-N,JKMWZKPAXZBYEH
BPD-00008900,,,
N25720-51-A1,,,
N27922-53-1,,,
N30652-18-1,,,
N29087-69-1,,,
HKMTI-1-005,CN1CCN(CC1)C2=NC3=CC(=C(C=C3C(=N2)NC4CCN(CC4)CC5=CC=CC=C5)OC)OC,LDFAJFPHFKEJOI-UHFFFAOYSA-N,LDFAJFPHFKEJOI
ICL-SIRT078,COC1=C(C2=CC=CC=C2C=C1)CN3C=NC4=C(C3=O)C5=C(S4)CC(CC5)NCC6=CN=CC=C6,UEJBOCXPGHSONP-UHFFFAOYSA-N,UEJBOCXPGHSONP
UNC0638,CC(C)N1CCC(CC1)NC2=NC(=NC3=CC(=C(C=C32)OC)OCCCN4CCCC4)C5CCCCC5,QOECJCJVIMVJGX-UHFFFAOYSA-N,QOECJCJVIMVJGX
AGK2,C1=CC2=C(C=CC=N2)C(=C1)NC(=O)C(=CC3=CC=C(O3)C4=C(C=CC(=C4)Cl)Cl)C#N,SVENPFFEMUOOGK-SDNWHVSQSA-N,SVENPFFEMUOOGK
Foretinib,COC1=CC2=C(C=CN=C2C=C1OCCCN3CCOCC3)OC4=C(C=C(C=C4)NC(=O)C5(CC5)C(=O)NC6=CC=C(C=C6)F)F,CXQHYVUVSFXTMY-UHFFFAOYSA-N,CXQHYVUVSFXTMY
BIBR-1532,CC(=CC(=O)NC1=CC=CC=C1C(=O)O)C2=CC3=CC=CC=C3C=C2,PGFQXGLPJUCTOI-WYMLVPIESA-N,PGFQXGLPJUCTOI
Pyridostatin,C1=CC=C2C(=C1)C(=CC(=N2)NC(=O)C3=CC(=CC(=N3)C(=O)NC4=NC5=CC=CC=C5C(=C4)OCCN)OCCN)OCCN,VGHSATQVJCTKEF-UHFFFAOYSA-N,VGHSATQVJCTKEF
AMG-319,CC(C1=C(N=C2C=C(C=CC2=C1)F)C3=CC=CC=N3)NC4=NC=NC5=C4NC=N5,KWRYMZHCQIOOEB-LBPRGKRZSA-N,KWRYMZHCQIOOEB
MK-8776,CN1C=C(C=N1)C2=C3N=C(C(=C(N3N=C2)N)Br)C4CCCNC4,GMIZZEXBPRLVIV-SECBINFHSA-N,GMIZZEXBPRLVIV
Vinorelbine,CCC1=CC2CC(C3=C(CN(C2)C1)C4=CC=CC=C4N3)(C5=C(C=C6C(=C5)C78CCN9C7C(C=CC9)(C(C(C8N6C)(C(=O)OC)O)OC(=O)C)CC)OC)C(=O)OC,GBABOYUKABKIAF-IELIFDKJSA-N,GBABOYUKABKIAF
Mycophenolic acid,CC1=C2COC(=O)C2=C(C(=C1OC)CC=C(C)CCC(=O)O)O,HPNSFSBZBAHARI-RUDMXATFSA-N,HPNSFSBZBAHARI
Remodelin,C1CCC(=NNC2=NC(=CS2)C3=CC=C(C=C3)C#N)C1,XAEJIFARBQJLML-UHFFFAOYSA-N,XAEJIFARBQJLML
VX-11e,CC1=CN=C(N=C1C2=CNC(=C2)C(=O)NC(CO)C3=CC(=CC=C3)Cl)NC4=C(C=C(C=C4)F)Cl,WUTVMXLIGHTZJC-OAQYLSRUSA-N,WUTVMXLIGHTZJC
LJI308,C1COCCN1C2=CC=C(C=C2)C3=C(C=NC=C3)C4=CC(=C(C(=C4)F)O)F,YUYJEQHNWKQNBT-UHFFFAOYSA-N,YUYJEQHNWKQNBT
AZ6102,CC1CN(CC(N1)C)C2=NC=C(C(=C2)C)C3=CC=C(C=C3)C4=NC5=C(C=CN5C)C(=O)N4,WCPTUQOMNJBIET-CALCHBBNSA-N,WCPTUQOMNJBIET
GSK591,C1CC(C1)NC2=NC=CC(=C2)C(=O)NCC(CN3CCC4=CC=CC=C4C3)O,TWKYXZSXXXKKJU-FQEVSTJZSA-N,TWKYXZSXXXKKJU
VE821,CS(=O)(=O)C1=CC=C(C=C1)C2=CN=C(C(=N2)C(=O)NC3=CC=CC=C3)N,DUIHHZKTCSNTGM-UHFFFAOYSA-N,DUIHHZKTCSNTGM
VTP-A,,,
VTP-B,,,
PBD-288,,,
POMHEX,CC(C)(C)C(=O)OCOP(=O)(C1CCCN(C1=O)O)OCOC(=O)C(C)(C)C,TVFIFFUSHZDTKT-UHFFFAOYSA-N,TVFIFFUSHZDTKT
CT7033-2,,,
GSK-LSD1-2HCl ,,,
5-azacytidine,C1=NC(=NC(=O)N1C2C(C(C(O2)CO)O)O)N,NMUSYJAQQFHJEW-KVTDHHQDSA-N,NMUSYJAQQFHJEW
A-366,COC1=C(C=C2C(=C1)C3(CCC3)C(=N2)N)OCCCN4CCCC4,BKCDJTRMYWSXMC-UHFFFAOYSA-N,BKCDJTRMYWSXMC
CPI-637,CC1CC(=O)NC2=CC=CC(=C2N1)C3=CC4=C(C=C3)N(N=C4C5=CN(N=C5)C)C,BFTKDWYIRJGJCA-CYBMUJFWSA-N,BFTKDWYIRJGJCA
UNC0379,COC1=C(C=C2C(=C1)C(=NC(=N2)N3CCCC3)NCCCCCN4CCCC4)OC,WEXCGGWTIDNVNT-UHFFFAOYSA-N,WEXCGGWTIDNVNT
AZD6482,CC1=CN2C(=O)C=C(N=C2C(=C1)C(C)NC3=CC=CC=C3C(=O)O)N4CCOCC4,IRTDIKMSKMREGO-OAHLLOKOSA-N,IRTDIKMSKMREGO
AT13148,C1=CC(=CC=C1C2=CNN=C2)C(CN)(C3=CC=C(C=C3)Cl)O,IIRWNGPLJQXWFJ-KRWDZBQOSA-N,IIRWNGPLJQXWFJ
BMS-754807,CC1(CCCN1C2=NN3C=CC=C3C(=N2)NC4=NNC(=C4)C5CC5)C(=O)NC6=CN=C(C=C6)F,LQVXSNNAFNGRAH-QHCPKHFHSA-N,LQVXSNNAFNGRAH
JQ1,CC1=C(SC2=C1C(=NC(C3=NN=C(N32)C)CC(=O)OC(C)(C)C)C4=CC=C(C=C4)Cl)C,DNVXATUJJDPFDM-KRWDZBQOSA-N,DNVXATUJJDPFDM
PFI-1,CN1CC2=C(C=CC(=C2)NS(=O)(=O)C3=CC=CC=C3OC)NC1=O,TXZPMHLMPKIUGK-UHFFFAOYSA-N,TXZPMHLMPKIUGK
IOX2,C1=CC=C(C=C1)CN2C3=CC=CC=C3C(=C(C2=O)C(=O)NCC(=O)O)O,CAOSCCRYLYQBES-UHFFFAOYSA-N,CAOSCCRYLYQBES
CHIR-99021,CC1=CN=C(N1)C2=CN=C(N=C2C3=C(C=C(C=C3)Cl)Cl)NCCNC4=NC=C(C=C4)C#N,AQGNHMOJWBZFQQ-UHFFFAOYSA-N,AQGNHMOJWBZFQQ
SGC0946,CC(C)N(CCCNC(=O)NC1=CC=C(C=C1)C(C)(C)C)CC2C(C(C(O2)N3C=C(C4=C(N=CN=C43)N)Br)O)O,IQCKJUKAQJINMK-HUBRGWSESA-N,IQCKJUKAQJINMK
GSK2830371,CC1=C(C=C(C=N1)Cl)NCC2=CC=C(S2)C(=O)NC(CC3CCCC3)C(=O)NC4CC4,IVDUVEGCMXCMSO-FQEVSTJZSA-N,IVDUVEGCMXCMSO
THR-101,,,
THR-102,,,
THR-103,,,
ascorbate (vitamin C),,,
glutathione,C(CC(=O)NC(CS)C(=O)NCC(=O)O)C(C(=O)O)N,RWSXRVCMGQZWBV-WDSKDSINSA-N,RWSXRVCMGQZWBV
alpha-lipoic acid,C1CSSC1CCCCC(=O)O,AGBQKNBQESQNJD-UHFFFAOYSA-N,AGBQKNBQESQNJD
N-acetyl cysteine,CC(=O)NC(CS)C(=O)O,PWKSKIMOESPYIA-BYPYZUCNSA-N,PWKSKIMOESPYIA
